routeId,stopSequence,stopId,distanceToNextStop
1,0,33,392
1,1,79,283
1,2,76,267
1,3,3691,137
1,4,2028,255
1,5,4223,610
1,6,120,206
1,7,121,223
1,8,122,281
1,9,123,243
1,10,124,415
1,11,125,289
1,12,126,392
1,13,127,113
1,14,128,231
1,15,129,221
1,16,130,229
1,17,131,180
1,18,134,307
1,19,132,317
1,20,14,271
1,21,136,270
1,22,133,347
1,23,135,195
1,24,137,76
1,25,138,358
1,26,139,276
1,27,8,0
10,0,538,52
10,1,7632,499
10,2,7651,1113
10,3,574,3652
10,4,1113,1707
10,5,410,4031
10,6,415,3368
10,7,420,2598
10,8,726,1408
10,9,727,826
10,10,568,586
10,11,95,1661
10,12,571,1039
10,13,434,2042
10,14,728,2078
10,15,115,884
10,16,725,0
100,0,496,92
100,1,2148,220
100,2,2149,324
100,3,2151,289
100,4,2150,524
100,5,2153,234
100,6,3019,302
100,7,3020,426
100,8,3021,395
100,9,3023,418
100,10,3025,355
100,11,3024,369
100,12,3026,314
100,13,3027,323
100,14,3028,481
100,15,3029,650
100,16,3030,570
100,17,3031,491
100,18,3032,426
100,19,3033,345
100,20,3034,432
100,21,3035,318
100,22,3036,447
100,23,3038,442
100,24,3039,509
100,25,3040,426
100,26,3041,735
100,27,3042,559
100,28,4421,30431
100,29,7212,0
101,0,1403,251
101,1,2890,321
101,2,2893,426
101,3,2895,224
101,4,2550,245
101,5,2541,302
101,6,7600,424
101,7,7599,485
101,8,2543,258
101,9,2545,204
101,10,2552,241
101,11,1768,324
101,12,2107,335
101,13,2110,175
101,14,594,199
101,15,593,452
101,16,595,167
101,17,596,324
101,18,597,262
101,19,598,338
101,20,599,534
101,21,7577,527
101,22,601,313
101,23,256,329
101,24,257,238
101,25,258,460
101,26,600,249
101,27,602,275
101,28,604,118
101,29,603,285
101,30,606,109
101,31,1719,202
101,32,1720,228
101,33,1301,237
101,34,1723,440
101,35,1724,110
101,36,3159,264
101,37,4337,412
101,38,2396,277
101,39,7293,290
101,40,7292,270
101,41,3574,321
101,42,3575,372
101,43,3576,266
101,44,3577,318
101,45,3578,345
101,46,3579,200
101,47,1570,162
101,48,1567,435
101,49,1571,231
101,50,1022,0
102,0,35,173
102,1,7276,326
102,2,7277,221
102,3,7278,588
102,4,7264,136
102,5,4223,404
102,6,1944,581
102,7,1297,233
102,8,3478,557
102,9,1296,250
102,10,3477,242
102,11,1299,513
102,12,1298,203
102,13,2711,80
102,14,2709,514
102,15,2712,378
102,16,1300,396
102,17,906,282
102,18,907,219
102,19,910,430
102,20,909,277
102,21,908,265
102,22,510,191
102,23,603,285
102,24,606,109
102,25,1719,202
102,26,1720,228
102,27,1301,408
102,28,2713,426
102,29,2200,400
102,30,2205,445
102,31,1302,171
102,32,2202,215
102,33,268,482
102,34,267,712
102,35,270,477
102,36,271,696
102,37,272,230
102,38,273,811
102,39,275,453
102,40,277,997
102,41,1115,68
102,42,1239,162
102,43,166,0
104,0,278,276
104,1,464,490
104,2,470,276
104,3,437,442
104,4,439,167
104,5,440,523
104,6,1981,142
104,7,3166,319
104,8,3519,237
104,9,3521,489
104,10,3523,277
104,11,3524,138
104,12,3079,316
104,13,3078,719
104,14,1438,368
104,15,1436,664
104,16,1437,245
104,17,1439,383
104,18,1441,368
104,19,1440,310
104,20,1447,67
104,21,1442,265
104,22,1448,325
104,23,1443,387
104,24,1201,331
104,25,1199,746
104,26,1202,351
104,27,1200,224
104,28,1204,439
104,29,835,512
104,30,7070,497
104,31,1257,767
104,32,3526,571
104,33,1260,505
104,34,1371,1045
104,35,3525,550
104,36,3527,319
104,37,2189,301
104,38,2185,276
104,39,2187,489
104,40,2190,273
104,41,2188,170
104,42,1999,557
104,43,2118,235
104,44,7304,0
105,0,35,173
105,1,7276,326
105,2,7277,221
105,3,7278,89
105,4,120,74
105,5,3080,320
105,6,84,407
105,7,1297,233
105,8,3478,286
105,9,1882,370
105,10,1889,382
105,11,1884,215
105,12,1890,179
105,13,1885,135
105,14,1413,278
105,15,1416,290
105,16,1411,362
105,17,1412,434
105,18,3301,335
105,19,3302,334
105,20,3303,133
105,21,1007,308
105,22,1013,320
105,23,1008,266
105,24,2855,386
105,25,2852,481
105,26,3480,385
105,27,3479,476
105,28,1020,219
105,29,1029,246
105,30,1616,264
105,31,1604,271
105,32,1617,198
105,33,1619,219
105,34,2583,300
105,35,4292,250
105,36,4317,388
105,37,4318,406
105,38,4319,226
105,39,4320,192
105,40,4277,279
105,41,4278,566
105,42,4279,194
105,43,4280,336
105,44,3481,329
105,45,2584,84
105,46,2591,229
105,47,2586,287
105,48,2593,326
105,49,3483,370
105,50,1967,333
105,51,1970,251
105,52,1973,215
105,53,2592,248
105,54,2597,364
105,55,2594,279
105,56,2596,340
105,57,2598,140
105,58,2600,440
105,59,2602,361
105,60,2000,356
105,61,2005,344
105,62,2917,325
105,63,3101,327
105,64,3100,469
105,65,3103,292
105,66,2504,249
105,67,2505,301
105,68,2521,887
105,69,2520,245
105,70,7607,362
105,71,7606,632
105,72,7605,177
105,73,7604,0
106,0,1185,235
106,1,3485,440
106,2,3489,324
106,3,3491,473
106,4,3487,538
106,5,3493,1490
106,6,3488,689
106,7,3490,531
106,8,3494,576
106,9,3492,1279
106,10,3495,439
106,11,3497,564
106,12,3496,415
106,13,3499,527
106,14,3498,823
106,15,3500,966
106,16,3502,611
106,17,3501,1085
106,18,3503,1391
106,19,3505,533
106,20,3504,452
106,21,3506,591
106,22,3507,486
106,23,3510,808
106,24,3509,672
106,25,3512,865
106,26,3508,581
106,27,3513,574
106,28,3511,1000
106,29,3517,265
106,30,3514,597
106,31,3515,1046
106,32,3518,637
106,33,3520,1117
106,34,3516,843
106,35,3522,0
107,0,732,217
107,1,734,560
107,2,733,324
107,3,738,461
107,4,735,1048
107,5,741,1481
107,6,736,372
107,7,743,492
107,8,737,1674
107,9,745,436
107,10,739,50222
107,11,7509,0
108,0,732,217
108,1,734,560
108,2,733,324
108,3,738,461
108,4,735,1048
108,5,741,1481
108,6,736,372
108,7,743,492
108,8,737,1674
108,9,745,298
108,10,4680,139
108,11,739,46458
108,12,7261,0
109,0,35,623
109,1,89,473
109,2,385,456
109,3,387,809
109,4,3182,749
109,5,433,537
109,6,503,649
109,7,546,510
109,8,505,340
109,9,506,716
109,10,507,262
109,11,548,596
109,12,508,285
109,13,509,709
109,14,510,612
109,15,555,276
109,16,259,882
109,17,262,458
109,18,263,656
109,19,265,667
109,20,266,725
109,21,267,712
109,22,270,477
109,23,271,696
109,24,272,230
109,25,273,811
109,26,275,453
109,27,277,997
109,28,1115,1162
109,29,1152,993
109,30,1156,644
109,31,1155,2415
109,32,1303,2037
109,33,1305,1612
109,34,1304,2061
109,35,3639,615
109,36,1307,1715
109,37,1306,1916
109,38,1309,2967
109,39,3648,2636
109,40,734,2392
109,41,741,1850
109,42,743,2564
109,43,739,28420
109,44,7218,0
10951,0,48316,3427
10951,1,48317,2788
10951,2,48318,1871
10951,3,7508,1804
10951,4,48319,0
10973,1,48652,11877
10973,2,48653,0
11,0,732,217
11,1,734,560
11,2,733,324
11,3,738,461
11,4,735,652
11,5,7679,397
11,6,741,1481
11,7,736,372
11,8,743,492
11,9,737,1674
11,10,745,436
11,11,739,177
11,12,746,221
11,13,7707,205
11,14,789,355
11,15,742,973
11,16,748,242
11,17,750,481
11,18,744,514
11,19,752,339
11,20,5789,269
11,21,7706,132
11,22,754,503
11,23,756,390
11,24,747,512
11,25,749,691
11,26,758,549
11,27,751,254
11,28,760,1436
11,29,771,0
110,0,955,5559
110,1,7281,0
111,0,166,230
111,1,1115,465
111,2,1151,697
111,3,1152,137
111,4,3141,451
111,5,3140,369
111,6,3145,345
111,7,3142,593
111,8,3146,189
111,9,2284,188
111,10,3143,208
111,11,3144,267
111,12,3147,287
111,13,3148,770
111,14,3150,202
111,15,3152,291
111,16,3154,278
111,17,3149,329
111,18,3151,1357
111,19,2325,417
111,20,2326,513
111,21,3583,505
111,22,3585,651
111,23,3582,521
111,24,3584,355
111,25,3587,402
111,26,3586,518
111,27,3588,582
111,28,3590,486
111,29,3591,431
111,30,3589,171
111,31,3470,482
111,32,3469,422
111,33,3472,614
111,34,3471,592
111,35,3474,548
111,36,3473,664
111,37,3476,653
111,38,3475,417
111,39,3593,354
111,40,3592,351
111,41,3595,651
111,42,3594,628
111,43,3596,680
111,44,3598,320
111,45,3597,345
111,46,3599,411
111,47,3601,893
111,48,3600,0
112,0,35,173
112,1,7276,326
112,2,7277,145
112,3,1451,218
112,4,1344,792
112,5,1196,228
112,6,1194,339
112,7,1198,1000
112,8,1197,379
112,9,1201,331
112,10,1199,746
112,11,1202,351
112,12,1200,224
112,13,1204,194
112,14,7594,880
112,15,3621,540
112,16,3622,474
112,17,3624,279
112,18,7068,342
112,19,3623,475
112,20,7077,501
112,21,3628,603
112,22,3625,1336
112,23,7075,725
112,24,7072,420
112,25,4225,776
112,26,1078,414
112,27,1074,366
112,28,7592,455
112,29,1076,452
112,30,1077,324
112,31,1080,306
112,32,1079,540
112,33,1081,406
112,34,7307,595
112,35,1082,371
112,36,1085,550
112,37,1084,428
112,38,1087,570
112,39,1086,879
112,40,1089,581
112,41,1091,703
112,42,1088,0
113,0,3720,97
113,1,699,431
113,2,698,251
113,3,701,665
113,4,3722,501
113,5,3724,580
113,6,3721,686
113,7,2240,234
113,8,4599,425
113,9,4601,514
113,10,3726,450
113,11,3729,374
113,12,3730,367
113,13,3732,392
113,14,3731,710
113,15,3733,702
113,16,3735,476
113,17,3739,256
113,18,3734,373
113,19,3741,496
113,20,3736,627
113,21,3737,803
113,22,3738,543
113,23,3740,355
113,24,3449,520
113,25,1790,514
113,26,3462,548
113,27,3466,397
113,28,3463,330
113,29,3464,331
113,30,3465,488
113,31,3468,490
113,32,3289,508
113,33,3288,643
113,34,3290,437
113,35,3467,424
113,36,3292,317
113,37,3293,466
113,38,3291,356
113,39,3294,394
113,40,3296,418
113,41,3295,482
113,42,3297,551
113,43,2172,0
114,0,166,255
114,1,1116,434
114,2,1151,697
114,3,1152,328
114,4,1154,365
114,5,1153,300
114,6,1156,344
114,7,7800,300
114,8,1155,442
114,9,1158,179
114,10,1160,507
114,11,4592,323
114,12,1157,491
114,13,4751,473
114,14,1303,552
114,15,2270,601
114,16,4752,337
114,17,3636,548
114,18,1305,543
114,19,3634,258
114,20,3637,811
114,21,1304,709
114,22,4758,575
114,23,4702,777
114,24,3639,615
114,25,1307,608
114,26,3638,747
114,27,3640,374
114,28,1306,609
114,29,3642,736
114,30,3641,570
114,31,1309,566
114,32,3643,548
114,33,3644,842
114,34,1308,600
114,35,3645,415
114,36,3648,490
114,37,3646,568
114,38,3647,559
114,39,1311,809
114,40,732,0
115,0,35,173
115,1,7276,541
115,2,27,554
115,3,28,193
115,4,1256,227
115,5,32,79
115,6,2114,109
115,7,2115,373
115,8,2116,420
115,9,855,293
115,10,857,514
115,11,858,332
115,12,860,1061
115,13,859,381
115,14,843,145
115,15,2122,280
115,16,2123,458
115,17,2125,243
115,18,2124,283
115,19,2126,402
115,20,2130,622
115,21,2127,342
115,22,2128,422
115,23,2132,268
115,24,2131,246
115,25,2135,223
115,26,2133,250
115,27,2136,202
115,28,2134,201
115,29,1362,220
115,30,1358,228
115,31,1360,372
115,32,1366,511
115,33,1055,603
115,34,1058,286
115,35,1061,392
115,36,1063,390
115,37,1060,402
115,38,1065,267
115,39,1062,537
115,40,1066,279
115,41,1064,144
115,42,2138,324
115,43,2137,286
115,44,2141,360
115,45,2139,300
115,46,2144,1795
115,47,3662,2408
115,48,3664,3507
115,49,3663,1230
115,50,3666,2996
115,51,3665,1373
115,52,3667,1621
115,53,3669,11013
115,54,3670,7952
115,55,3671,1774
115,56,3683,0
116,0,3692,1805
116,1,3693,375
116,2,3695,199
116,3,3694,193
116,4,3696,620
116,5,3698,766
116,6,3697,376
116,7,3700,877
116,8,3699,165
116,9,3701,508
116,10,3702,527
116,11,3703,232
116,12,3704,329
116,13,3705,603
116,14,3706,522
116,15,3707,333
116,16,4129,489
116,17,3708,925
116,18,1524,748
116,19,1529,474
116,20,1526,339
116,21,1531,380
116,22,1528,244
116,23,3709,439
116,24,3710,578
116,25,3711,446
116,26,3712,296
116,27,3713,292
116,28,3714,312
116,29,1537,258
116,30,1534,172
116,31,1536,361
116,32,1539,324
116,33,1538,173
116,34,494,710
116,35,498,625
116,36,7159,447
116,37,495,1103
116,38,536,570
116,39,537,958
116,40,3715,436
116,41,3716,242
116,42,3717,952
116,43,7695,0
117,0,3771,628
117,1,3772,898
117,2,3770,1947
117,3,3774,429
117,4,3674,270
117,5,3775,326
117,6,3776,432
117,7,3673,2510
117,8,7674,1353
117,9,6924,484
117,10,6922,321
117,11,6920,334
117,12,4235,771
117,13,6918,670
117,14,6916,523
117,15,6914,286
117,16,6911,336
117,17,6910,0
118,0,2745,119
118,1,3426,331
118,2,3804,385
118,3,3805,491
118,4,3806,344
118,5,3852,634
118,6,3847,355
118,7,3849,491
118,8,3851,294
118,9,3850,89
118,10,3221,338
118,11,3222,434
118,12,3223,492
118,13,3244,346
118,14,3812,352
118,15,3818,356
118,16,3841,318
118,17,3815,679
118,18,3839,340
118,19,3816,320
118,20,3814,371
118,21,3821,370
118,22,3822,298
118,23,3824,164
118,24,2266,345
118,25,2257,417
118,26,3825,357
118,27,3826,494
118,28,3827,404
118,29,3828,357
118,30,7610,641
118,31,7613,264
118,32,7671,356
118,33,7669,773
118,34,7667,481
118,35,7665,454
118,36,7663,371
118,37,7660,631
118,38,7659,696
118,39,3945,998
118,40,2222,443
118,41,3949,557
118,42,3939,344
118,43,2265,336
118,44,2227,0
119,0,732,217
119,1,734,560
119,2,733,324
119,3,738,317
119,4,3856,614
119,5,3857,1030
119,6,3858,792
119,7,3859,1154
119,8,3860,1288
119,9,3861,597
119,10,7676,369
119,11,3886,950
119,12,3863,362
119,13,3865,872
119,14,3864,963
119,15,3866,1074
119,16,3867,1119
119,17,3868,1330
119,18,3870,545
119,19,3869,2318
119,20,3872,998
119,21,3871,1310
119,22,3873,692
119,23,3515,1046
119,24,3518,637
119,25,3520,1117
119,26,3516,866
119,27,3874,0
12,0,278,328
12,1,4418,204
12,2,753,361
12,3,755,453
12,4,7040,761
12,5,7042,225
12,6,757,217
12,7,4354,408
12,8,759,545
12,9,762,343
12,10,1589,254
12,11,7045,1576
12,12,803,517
12,13,7583,437
12,14,770,249
12,15,7049,246
12,16,763,297
12,17,1847,635
12,18,1849,324
12,19,1848,671
12,20,4256,1170
12,21,637,581
12,22,638,192
12,23,7030,367
12,24,7031,478
12,25,7032,556
12,26,7033,723
12,27,7034,244
12,28,3788,298
12,29,3791,281
12,30,3790,452
12,31,3793,683
12,32,7142,1053
12,33,2161,85
12,34,4761,0
121,0,8,451
121,1,620,272
121,2,622,266
121,3,624,580
121,4,623,586
121,5,4763,349
121,6,4764,181
121,7,4765,270
121,8,4766,350
121,9,3455,223
121,10,3457,335
121,11,3458,270
121,12,3459,335
121,13,3460,582
121,14,3461,401
121,15,3423,371
121,16,2310,432
121,17,2312,445
121,18,2313,421
121,19,3462,548
121,20,3466,397
121,21,3463,330
121,22,3464,331
121,23,3465,488
121,24,3468,490
121,25,3289,508
121,26,3288,643
121,27,3290,437
121,28,3467,488
121,29,3470,482
121,30,3469,422
121,31,3472,614
121,32,3471,592
121,33,3474,548
121,34,3473,664
121,35,3476,653
121,36,3475,614
121,37,3894,328
121,38,3896,282
121,39,3895,231
121,40,3897,341
121,41,3898,596
121,42,3899,843
121,43,3900,685
121,44,3901,1049
121,45,3902,1294
121,46,3903,840
121,47,3904,180
121,48,3905,0
124,0,278,188
124,1,621,374
124,2,622,266
124,3,624,580
124,4,623,384
124,5,626,286
124,6,627,341
124,7,628,340
124,8,629,556
124,9,1386,289
124,10,117,481
124,11,116,102
124,12,4150,288
124,13,630,617
124,14,631,449
124,15,632,422
124,16,633,333
124,17,634,363
124,18,635,575
124,19,636,991
124,20,637,581
124,21,638,1169
124,22,2155,381
124,23,2152,267
124,24,2154,304
124,25,2157,383
124,26,4597,392
124,27,2156,170
124,28,3962,404
124,29,4600,372
124,30,3946,542
124,31,3969,544
124,32,3942,638
124,33,3959,637
124,34,3947,241
124,35,3933,0
125,0,166,230
125,1,1115,465
125,2,1151,697
125,3,1152,328
125,4,1154,365
125,5,1153,300
125,6,1156,344
125,7,7800,300
125,8,1155,442
125,9,1158,179
125,10,1160,507
125,11,4592,323
125,12,1157,67
125,13,4586,526
125,14,1162,323
125,15,1164,146
125,16,7704,202
125,17,1161,210
125,18,2259,404
125,19,2268,449
125,20,2261,219
125,21,3954,317
125,22,3950,359
125,23,3953,969
125,24,3951,504
125,25,3974,603
125,26,2224,594
125,27,3945,998
125,28,2222,443
125,29,3949,557
125,30,3939,344
125,31,2265,336
125,32,2227,0
127,0,732,814
127,1,4020,676
127,2,4021,410
127,3,4022,562
127,4,4639,449
127,5,5818,326
127,6,4023,732
127,7,4024,597
127,8,4027,318
127,9,4025,176
127,10,7708,295
127,11,4030,941
127,12,4026,480
127,13,4028,485
127,14,4029,422
127,15,4031,829
127,16,3975,501
127,17,951,649
127,18,943,251
127,19,4033,531
127,20,4034,1089
127,21,4032,1158
127,22,7714,588
127,23,4036,422
127,24,4035,739
127,25,4038,337
127,26,4037,742
127,27,4039,818
127,28,4040,825
127,29,4041,348
127,30,4045,371
127,31,4042,696
127,32,3506,345
127,33,3957,0
128,0,35,173
128,1,7276,429
128,2,26,179
128,3,27,612
128,4,7266,60
128,5,7693,70
128,6,1256,227
128,7,32,469
128,8,31,367
128,9,1092,297
128,10,1093,228
128,11,1094,167
128,12,2572,252
128,13,2573,507
128,14,2579,2181
128,15,2939,264
128,16,2941,439
128,17,3990,320
128,18,3995,314
128,19,3991,322
128,20,2944,600
128,21,2945,1066
128,22,3998,359
128,23,4000,273
128,24,3993,624
128,25,4002,289
128,26,4004,259
128,27,3996,330
128,28,3997,159
128,29,4006,316
128,30,4008,283
128,31,3999,391
128,32,4010,264
128,33,4001,386
128,34,4003,411
128,35,4012,282
128,36,4005,372
128,37,4014,380
128,38,4007,681
128,39,4009,403
128,40,4011,424
128,41,4013,254
128,42,4016,496
128,43,1516,626
128,44,4130,430
128,45,4017,252
128,46,4018,531
128,47,3761,936
128,48,3763,393
128,49,3762,778
128,50,3764,570
128,51,3766,104
128,52,3765,315
128,53,4019,0
129,0,394,371
129,1,4460,330
129,2,4456,263
129,3,4457,452
129,4,4499,449
129,5,4077,305
129,6,4067,341
129,7,1108,320
129,8,1110,229
129,9,400,357
129,10,402,238
129,11,403,295
129,12,404,426
129,13,405,775
129,14,1540,494
129,15,1542,601
129,16,1543,377
129,17,1545,231
129,18,4079,316
129,19,4080,289
129,20,4082,232
129,21,4071,383
129,22,4072,363
129,23,4074,706
129,24,347,698
129,25,349,274
129,26,350,185
129,27,353,447
129,28,351,422
129,29,355,1239
129,30,3188,330
129,31,3189,467
129,32,3190,154
129,33,585,630
129,34,584,371
129,35,4137,440
129,36,7508,0
13,0,35,173
13,1,7276,326
13,2,7277,221
13,3,7278,609
13,4,4275,225
13,5,7564,172
13,6,853,866
13,7,856,155
13,8,855,293
13,9,857,514
13,10,858,332
13,11,860,1061
13,12,859,83
13,13,862,504
13,14,4125,588
13,15,866,327
13,16,863,987
13,17,869,692
13,18,864,353
13,19,865,510
13,20,872,611
13,21,2689,465
13,22,868,868
13,23,873,347
13,24,870,489
13,25,875,321
13,26,871,1037
13,27,877,836
13,28,874,472
13,29,876,342
13,30,879,731
13,31,881,566
13,32,884,397
13,33,878,383
13,34,880,685
13,35,882,396
13,36,886,545
13,37,887,1014
13,38,883,693
13,39,885,477
13,40,889,412
13,41,891,390
13,42,893,493
13,43,888,327
13,44,892,538
13,45,894,541
13,46,895,144
13,47,702,620
13,48,704,1038
13,49,705,633
13,50,706,995
13,51,711,419
13,52,708,401
13,53,712,327
13,54,709,343
13,55,714,563
13,56,710,419
13,57,716,319
13,58,713,281
13,59,725,0
130,0,3661,31
130,1,3662,2408
130,2,3664,3507
130,3,3663,1230
130,4,3666,2996
130,5,3665,1373
130,6,3667,1621
130,7,3669,11013
130,8,3670,7952
130,9,3671,1774
130,10,3683,687
130,11,3673,1741
130,13,6930,612
130,14,6928,830
130,15,6926,525
130,16,6924,484
130,17,6922,321
130,18,6920,334
130,19,4235,771
130,20,6918,670
130,21,6916,523
130,22,6914,286
130,23,6911,336
130,24,6910,0
131,0,725,854
131,1,141,3326
131,2,3165,452
131,3,3167,252
131,4,4,182
131,5,7,156
131,6,9,159
131,7,12,219
131,8,6,188
131,9,10,175
131,10,3166,327
131,11,3169,377
131,12,3170,399
131,13,3172,327
131,14,386,276
131,15,3171,220
131,16,1909,361
131,17,92,352
131,18,1911,237
131,19,1912,395
131,20,731,200
131,21,1913,326
131,22,1917,416
131,23,1914,320
131,24,1920,305
131,25,1915,391
131,26,1924,731
131,27,2033,291
131,28,2727,271
131,29,2109,213
131,30,591,113
131,31,2039,231
131,32,3173,369
131,33,1771,132
131,34,518,206
131,35,519,306
131,36,520,299
131,37,521,416
131,38,366,121
131,39,299,621
131,40,302,321
131,41,522,245
131,42,305,1720
131,43,304,1771
131,44,307,2245
131,45,318,753
131,46,2479,0
133,0,35,173
133,1,7276,326
133,2,7277,221
133,3,7278,547
133,4,30,180
133,5,1256,316
133,6,4271,180
133,7,2724,253
133,8,4272,198
133,9,4273,246
133,10,4274,320
133,11,243,269
133,12,244,177
133,13,1920,305
133,14,1915,391
133,15,1924,886
133,16,730,329
133,17,1916,433
133,18,1918,328
133,19,1925,278
133,20,299,621
133,21,302,223
133,22,301,343
133,23,305,1390
133,24,523,622
133,25,524,513
133,26,525,508
133,27,526,338
133,28,527,354
133,29,528,829
133,30,529,523
133,31,530,716
133,32,4463,532
133,33,4470,486
133,34,3376,512
133,35,3378,356
133,36,3379,281
133,37,3380,401
133,38,3382,586
133,39,3383,292
133,40,3381,617
133,41,2083,390
133,42,2084,424
133,43,1040,222
133,44,1041,957
133,45,1042,329
133,46,396,874
133,47,536,570
133,48,537,2115
133,49,7695,0
134,0,8,1122
134,1,281,796
134,2,546,850
134,3,506,1317
134,4,551,1195
134,5,510,827
134,6,1301,1638
134,7,1302,2056
134,8,271,924
134,9,273,3423
134,10,1152,1337
134,11,7800,300
134,12,1155,621
134,13,1160,1794
134,14,1303,2037
134,15,1305,1612
134,16,1304,2675
134,17,1307,1715
134,18,1306,1916
134,19,1309,1956
134,20,1308,1015
134,21,3648,1613
134,22,1311,809
134,23,732,0
137,0,4086,1344
137,1,7118,5153
137,2,482,796
137,3,481,173
137,4,4091,396
137,5,4088,280
137,6,4093,149
137,7,4196,186
137,8,4090,356
137,9,4092,284
137,10,4095,411
137,11,4094,238
137,12,4097,299
137,13,4096,111
137,14,3272,504
137,15,3275,419
137,16,3274,90
137,17,1497,244
137,18,1499,412
137,19,1506,329
137,20,1501,330
137,21,1508,663
137,22,1503,894
137,23,3390,569
137,24,3395,198
137,25,4099,360
137,26,4098,170
137,27,4100,413
137,28,4103,382
137,29,4101,372
137,30,4111,375
137,31,4102,288
137,32,4104,699
137,33,537,1152
137,34,1919,287
137,35,7644,276
137,36,7648,353
137,37,7657,622
137,38,7642,545
137,39,7638,938
137,40,7628,503
137,41,7625,433
137,42,7639,115
137,43,4112,0
14,0,7282,229
14,1,4774,256
14,2,464,216
14,3,897,378
14,4,896,264
14,5,153,279
14,6,154,234
14,7,155,360
14,8,546,250
14,9,504,261
14,10,505,147
14,11,900,333
14,12,898,351
14,13,902,250
14,14,899,96
14,15,904,295
14,16,901,377
14,17,905,328
14,18,903,372
14,19,906,282
14,20,907,219
14,21,910,430
14,22,909,277
14,23,908,265
14,24,510,612
14,25,555,522
14,26,187,381
14,27,911,370
14,28,913,305
14,29,912,667
14,30,1945,216
14,31,7807,698
14,32,993,575
14,33,4748,356
14,34,4749,399
14,35,56,482
14,36,57,584
14,37,60,332
14,38,921,430
14,39,920,337
14,40,922,422
14,41,923,341
14,42,924,450
14,43,4745,265
14,44,925,471
14,45,929,540
14,46,928,289
14,47,927,352
14,48,931,543
14,49,934,310
14,50,2742,708
14,51,932,312
14,52,935,336
14,53,933,560
14,54,936,460
14,55,942,592
14,56,937,280
14,57,938,397
14,58,944,82
14,59,946,0
15,0,166,692
15,1,167,580
15,2,172,325
15,3,168,781
15,4,169,615
15,5,174,337
15,6,173,269
15,7,176,491
15,8,175,545
15,9,177,302
15,10,178,352
15,11,180,289
15,12,181,443
15,13,179,671
15,14,183,354
15,15,182,334
15,16,185,234
15,17,184,521
15,18,187,307
15,19,186,339
15,20,511,155
15,21,556,323
15,22,512,607
15,23,232,300
15,24,558,358
15,25,513,257
15,26,514,199
15,27,515,273
15,28,7262,525
15,29,422,221
15,30,517,258
15,31,518,206
15,32,519,306
15,33,520,299
15,34,521,416
15,35,366,464
15,36,476,373
15,37,473,254
15,38,475,1614
15,39,477,522
15,40,478,448
15,41,480,575
15,42,479,2163
15,43,482,796
15,44,481,512
15,45,485,409
15,46,483,384
15,47,1025,546
15,48,1030,419
15,49,1026,438
15,50,1028,389
15,51,1031,397
15,52,1033,135
15,53,1032,390
15,54,1035,353
15,55,1036,468
15,56,1037,265
15,57,1038,184
15,58,1039,965
15,59,1040,222
15,60,1041,957
15,61,1042,119
15,62,394,0
16,0,732,217
16,1,734,560
16,2,733,324
16,3,738,461
16,4,735,652
16,5,7679,397
16,6,741,1481
16,7,736,372
16,8,743,492
16,9,737,1674
16,10,745,436
16,11,739,123
16,12,947,430
16,13,939,639
16,14,949,467
16,15,940,1135
16,16,950,980
16,17,941,128
16,18,952,1013
16,19,945,704
16,20,953,559
16,21,948,791
16,22,954,553
16,23,956,316
16,24,958,97
16,25,955,0
178,0,6860,425
178,1,6864,965
178,2,7100,438
178,3,7098,459
178,4,6865,1504
178,5,7096,797
178,6,6866,1254
178,7,6867,555
178,8,6868,406
178,9,7094,454
178,10,7092,805
178,11,6869,506
178,12,7090,514
178,13,6870,919
178,14,7088,386
178,15,7086,402
178,16,7084,691
178,17,6872,1165
178,18,6873,358
178,19,7082,581
178,20,6874,585
178,21,6875,747
178,22,7080,1120
178,23,6876,763
178,24,6861,0
179,0,6862,934
179,1,6890,1481
179,2,6891,1231
179,3,6892,1998
179,4,6893,1977
179,5,6894,1118
179,6,6895,357
179,7,6896,2343
179,8,6897,2040
179,9,6898,2457
179,10,7104,1222
179,11,7102,815
179,12,6899,1288
179,13,3684,1653
179,14,3682,1301
179,15,6867,579
179,16,6863,0
18,0,1088,672
18,1,1118,661
18,2,1119,855
18,3,1121,513
18,4,1120,437
18,5,1122,591
18,6,1123,394
18,7,1125,564
18,8,7306,431
18,9,1126,465
18,10,1129,343
18,11,1130,382
18,12,1127,437
18,13,1128,390
18,14,7593,347
18,15,1131,923
18,16,1133,560
18,17,1134,523
18,18,1135,418
18,19,1136,430
18,20,1137,249
18,21,1140,372
18,22,1138,461
18,23,1139,228
18,24,1141,491
18,25,1143,290
18,26,1142,440
18,27,1144,318
18,28,1145,404
18,29,1146,228
18,30,1150,346
18,31,1148,327
18,32,1059,540
18,33,1149,558
18,34,7162,918
18,35,7170,657
18,36,7168,1303
18,37,7166,704
18,38,2818,482
18,39,2820,460
18,40,2819,548
18,41,2822,525
18,42,7164,1211
18,43,7766,610
18,44,7772,163
18,45,7763,128
18,46,7767,90
18,47,7769,974
18,48,7761,563
18,49,7771,0
199,0,35,173
199,1,7276,326
199,2,7277,221
199,3,7278,547
199,4,30,310
199,5,4271,180
199,6,2724,253
199,7,4272,198
199,8,4273,246
199,9,4274,320
199,10,243,269
199,11,244,242
199,12,245,183
199,13,246,102
199,14,247,235
199,15,248,357
199,16,250,239
199,17,249,531
199,18,251,401
199,19,252,292
199,20,253,382
199,21,254,240
199,22,255,269
199,23,256,372
199,24,911,370
199,25,913,305
199,26,912,667
199,27,1945,0
20,0,166,230
20,1,1115,465
20,2,1151,697
20,3,1152,328
20,4,1154,365
20,5,1153,300
20,6,1156,344
20,7,7800,300
20,8,1155,442
20,9,1158,179
20,10,1160,507
20,11,4592,323
20,12,1157,67
20,13,4586,526
20,14,1162,323
20,15,1164,146
20,16,7704,202
20,17,1161,286
20,18,1166,249
20,19,1163,439
20,20,1168,278
20,21,1167,308
20,22,1170,593
20,23,1220,427
20,24,1169,555
20,25,1172,646
20,26,1171,1177
20,27,7609,913
20,28,3233,460
20,29,1173,507
20,30,1174,538
20,31,1176,452
20,32,1175,745
20,33,1177,471
20,34,1178,304
20,35,1179,483
20,36,1180,653
20,37,1181,416
20,38,1182,530
20,39,1183,294
20,40,1184,249
20,41,1185,0
204,0,8,328
204,1,621,167
204,2,620,272
204,3,622,266
204,4,624,580
204,5,623,384
204,6,626,286
204,7,627,341
204,8,628,340
204,9,629,556
204,10,1386,289
204,11,117,583
204,12,4150,288
204,13,630,617
204,14,631,449
204,15,632,422
204,16,633,333
204,17,634,363
204,18,635,575
204,19,636,991
204,20,637,581
204,21,638,1231
204,22,639,492
204,23,640,498
204,24,3422,356
204,25,3430,514
204,26,641,842
204,27,643,433
204,28,642,539
204,29,644,297
204,30,645,427
204,31,646,800
204,32,3876,613
204,33,3424,569
204,34,3425,15519
204,35,7694,0
21,0,1203,908
21,1,872,484
21,2,1244,233
21,3,1246,273
21,4,1245,815
21,5,1247,340
21,6,1249,296
21,7,1251,1361
21,8,1250,151
21,9,1253,323
21,10,1252,230
21,11,1254,883
21,12,854,460
21,13,1255,452
21,14,1191,0
211,0,7190,322
211,1,7191,261
211,2,7193,388
211,3,1261,553
211,4,1258,266
211,5,7196,247
211,6,7197,297
211,7,7198,108
211,8,1372,341
211,9,7199,390
211,10,7200,263
211,11,7195,524
211,12,1241,423
211,13,7203,242
211,14,7204,605
211,15,7189,0
212,0,7180,252
212,1,7182,265
212,2,7183,444
212,3,7184,289
212,4,7185,304
212,5,7186,91
212,6,7206,537
212,7,1260,561
212,8,7189,0
214,0,6942,209
214,1,621,167
214,2,620,272
214,3,622,266
214,4,624,345
214,5,625,235
214,6,623,586
214,7,4763,349
214,8,4764,181
214,9,4765,270
214,10,4766,350
214,11,3455,223
214,12,3457,335
214,13,3458,270
214,14,3459,335
214,15,3460,582
214,16,3461,401
214,17,3423,371
214,18,2310,432
214,19,2312,445
214,20,2313,421
214,21,3462,548
214,22,3466,397
214,23,3463,330
214,24,3464,331
214,25,3465,488
214,26,3468,490
214,27,3289,508
214,28,3288,643
214,29,3290,437
214,30,3467,488
214,31,3470,482
214,32,3469,422
214,33,3472,614
214,34,3471,592
214,35,3474,548
214,36,3473,664
214,37,3476,653
214,38,3475,18576
214,39,7209,0
215,0,394,119
215,1,1042,329
215,2,396,874
215,3,536,570
215,4,537,1152
215,5,1919,1422
215,6,1097,488
215,7,1098,802
215,8,1100,804
215,9,1099,47581
215,10,7280,0
22,0,1240,548
22,1,1241,370
22,2,1243,498
22,3,7207,140
22,4,7187,299
22,5,7188,322
22,6,1203,466
22,7,7071,497
22,8,872,484
22,9,1244,233
22,10,1246,273
22,11,1245,815
22,12,1247,340
22,13,1249,296
22,14,1251,1361
22,15,1250,151
22,16,1253,323
22,17,1252,230
22,18,1254,883
22,19,854,460
22,20,1255,452
22,21,1191,0
23,0,732,131
23,1,7617,571
23,2,1263,401
23,3,1265,497
23,4,1259,583
23,5,1262,488
23,6,1268,723
23,7,1264,475
23,8,1270,465
23,9,1272,366
23,10,1266,548
23,11,1274,501
23,12,1267,485
23,13,1276,635
23,14,1269,594
23,15,1271,674
23,16,1278,309
23,17,1273,706
23,18,1280,587
23,19,1275,612
23,20,1277,357
23,21,1279,570
23,22,1283,256
23,23,1281,773
23,24,1284,507
23,25,1282,506
23,26,1285,509
23,27,1286,547
23,28,1287,419
23,29,1288,408
23,30,1289,624
23,31,1291,345
23,32,1295,494
23,33,1290,658
23,34,1293,559
23,35,1292,422
23,36,5824,392
23,37,1310,2
23,38,1294,0
24,0,35,618
24,1,1297,790
24,2,1296,492
24,3,1299,513
24,4,1298,1175
24,5,1300,1605
24,6,908,265
24,7,510,827
24,8,1301,1638
24,9,1302,2056
24,10,271,924
24,11,273,2261
24,12,1115,1162
24,13,1152,993
24,14,1156,344
24,15,7800,921
24,16,1160,830
24,17,1157,964
24,18,1303,2037
24,19,1305,543
24,20,3634,3744
24,21,1307,1715
24,22,1306,1916
24,23,1309,566
24,24,3643,2401
24,25,3648,2419
24,26,732,0
25,0,725,483
25,1,4149,260
25,2,140,447
25,3,718,240
25,4,715,412
25,5,720,363
25,6,717,508
25,7,724,356
25,8,719,303
25,9,721,215
25,10,723,150
25,11,722,549
25,12,464,490
25,13,470,276
25,14,437,442
25,15,439,167
25,16,440,645
25,17,465,189
25,18,469,502
25,19,466,222
25,20,472,456
25,21,467,124
25,22,1051,296
25,23,1347,210
25,24,18,400
25,25,22,138
25,26,21,256
25,27,23,168
25,28,24,186
25,29,25,338
25,30,26,133
25,31,1344,792
25,32,1196,228
25,33,1194,339
25,34,1198,1000
25,35,1197,403
25,36,1346,540
25,37,1348,395
25,38,1350,332
25,39,1349,358
25,40,1351,385
25,41,1352,296
25,42,1354,295
25,43,1353,625
25,44,1355,404
25,45,1261,553
25,46,1258,367
25,47,1356,340
25,48,1357,402
25,49,1359,250
25,50,1361,229
25,51,1362,220
25,52,1358,228
25,53,1360,372
25,54,1366,250
25,55,1149,499
25,56,1054,0
26,0,1403,308
26,1,1408,607
26,2,1410,241
26,3,1405,202
26,4,1407,412
26,5,421,227
26,6,423,287
26,7,368,280
26,8,367,277
26,9,369,221
26,10,373,449
26,11,370,530
26,12,374,115
26,13,371,395
26,14,372,251
26,15,378,324
26,16,375,304
26,17,377,190
26,18,376,218
26,19,379,147
26,20,381,226
26,21,380,392
26,22,383,280
26,23,382,191
26,24,89,203
26,25,90,226
26,26,1409,260
26,27,1413,278
26,28,1416,290
26,29,1411,362
26,30,1412,937
26,31,98,419
26,32,100,296
26,33,101,307
26,34,103,427
26,35,105,291
26,36,104,227
26,37,107,269
26,38,106,296
26,39,625,235
26,40,623,384
26,41,626,286
26,42,627,341
26,43,628,340
26,44,629,556
26,45,1386,289
26,46,117,481
26,47,116,279
26,48,725,0
27,0,35,173
27,1,7276,326
27,2,7277,145
27,3,1451,218
27,4,1344,792
27,5,1196,228
27,6,1194,339
27,7,1198,1000
27,8,1197,379
27,9,1201,331
27,10,1199,133
27,11,1444,237
27,12,1380,479
27,13,1382,167
27,14,1453,326
27,15,1445,291
27,16,1454,79
27,17,1455,345
27,18,1446,366
27,19,1456,380
27,20,1450,171
27,21,1461,630
27,22,1452,289
27,23,1449,472
27,24,1463,261
27,25,1457,241
27,26,1458,475
27,27,1464,321
27,28,1466,320
27,29,1468,464
27,30,1459,424
27,31,1460,665
27,32,1462,477
27,33,1465,405
27,34,1467,370
27,35,1469,541
27,36,1470,244
27,37,1472,549
27,38,1471,193
27,39,1473,366
27,40,1474,497
27,41,1477,299
27,42,1475,356
27,43,1476,329
27,44,1480,1048
27,45,1417,0
28,0,1521,969
28,1,7158,1137
28,2,1518,442
28,3,1523,345
28,4,1520,500
28,5,1525,552
28,6,1522,340
28,7,1514,467
28,8,1527,967
28,9,1524,748
28,10,1529,474
28,11,1526,339
28,12,1531,380
28,13,1528,486
28,14,1530,457
28,15,1535,236
28,16,1532,456
28,17,1537,258
28,18,1534,172
28,19,1536,361
28,20,1539,324
28,21,1538,360
28,22,400,357
28,23,402,238
28,24,403,295
28,25,404,426
28,26,405,775
28,27,1540,494
28,28,1542,601
28,29,1543,377
28,30,1545,129
28,31,1544,232
28,32,1547,207
28,33,1546,257
28,34,1550,156
28,35,1548,404
28,36,1552,722
28,37,1549,320
28,38,1551,341
28,39,1554,261
28,40,1557,310
28,41,1553,620
28,42,1555,442
28,43,1558,362
28,44,1556,523
28,45,1482,0
3,0,35,173
3,1,7276,326
3,2,7277,221
3,3,7278,534
3,4,7265,60
3,5,7266,60
3,6,7693,70
3,7,1256,114
3,8,7588,113
3,9,32,469
3,10,31,230
3,11,34,335
3,12,42,302
3,13,44,127
3,14,39,608
3,15,41,552
3,16,43,312
3,17,46,219
3,18,47,566
3,19,45,251
3,20,49,395
3,21,48,213
3,22,50,297
3,23,51,341
3,24,52,204
3,25,53,364
3,26,54,237
3,27,55,464
3,28,56,482
3,29,57,584
3,30,60,556
3,31,58,456
3,32,62,414
3,33,67,355
3,34,63,348
3,35,72,547
3,36,64,248
3,37,4754,395
3,38,73,526
3,39,213,879
3,40,68,414
3,41,74,371
3,42,69,454
3,43,70,361
3,44,71,277
3,45,77,479
3,46,3204,268
3,47,3203,363
3,48,3206,421
3,49,3259,355
3,50,3207,322
3,51,3210,1794
3,52,75,0
30,0,278,341
30,1,620,272
30,2,622,266
30,3,624,155
30,4,1675,249
30,5,1678,247
30,6,1677,239
30,7,1680,227
30,8,1679,300
30,9,1603,341
30,10,1682,399
30,11,1681,459
30,12,1684,189
30,13,1683,370
30,14,1686,318
30,15,1685,372
30,16,1688,467
30,17,1687,431
30,18,553,372
30,19,510,612
30,20,555,276
30,21,259,265
30,22,260,212
30,23,261,405
30,24,262,458
30,25,263,267
30,26,264,389
30,27,265,667
30,28,266,255
30,29,268,482
30,30,267,712
30,31,270,477
30,32,271,696
30,33,272,230
30,34,273,811
30,35,275,453
30,36,277,997
30,37,1115,465
30,38,1151,697
30,39,1152,131
30,40,1690,326
30,41,1691,392
30,42,1692,407
30,43,1693,324
30,44,1694,250
30,45,1695,275
30,46,1696,440
30,47,1698,354
30,48,1697,294
30,49,6839,220
30,50,1700,461
30,51,1699,176
30,52,1703,325
30,53,1624,212
30,54,1701,512
30,55,1704,249
30,56,1706,135
30,57,1615,0
31,0,1403,326
31,1,362,319
31,2,363,318
31,3,364,277
31,4,365,203
31,5,588,440
31,6,589,312
31,7,590,215
31,8,592,115
31,9,1648,299
31,10,3174,305
31,11,2110,175
31,12,594,995
31,13,2038,340
31,14,2043,319
31,15,2047,479
31,16,2046,403
31,17,462,233
31,18,2729,402
31,19,2731,602
31,20,1655,333
31,21,1660,277
31,22,1657,247
31,23,1662,322
31,24,1659,238
31,25,1664,370
31,26,1661,458
31,27,1666,428
31,28,4744,376
31,29,2741,278
31,30,4726,433
31,31,2632,697
31,32,7245,327
31,33,7246,256
31,34,965,663
31,35,977,460
31,36,966,293
31,37,7249,657
31,38,7250,705
31,39,7251,301
31,40,7256,417
31,41,1676,478
31,42,6835,284
31,43,1615,0
32,0,725,483
32,1,4149,260
32,2,140,151
32,3,141,410
32,4,143,611
32,5,145,300
32,6,142,227
32,7,144,536
32,8,146,294
32,9,147,211
32,10,1675,249
32,11,1678,247
32,12,1677,239
32,13,1680,227
32,14,1679,300
32,15,1603,341
32,16,1682,399
32,17,1681,459
32,18,1684,189
32,19,1683,370
32,20,1686,318
32,21,1685,372
32,22,1688,467
32,23,1687,431
32,24,553,372
32,25,510,612
32,26,555,522
32,27,187,337
32,28,455,342
32,29,457,280
32,30,454,423
32,31,456,339
32,32,459,244
32,33,458,266
32,34,461,435
32,35,56,482
32,36,57,160
32,37,460,277
32,38,463,365
32,39,462,459
32,40,468,0
335,0,1945,216
335,1,7807,3425
335,2,192,1186
335,3,1920,305
335,4,1915,391
335,5,1924,2288
335,6,476,2181
335,7,477,63113
335,8,7595,0
336,0,7614,0
336,1,7614,943
336,2,7615,0
336,3,7615,1537
336,4,377,0
336,5,377,1158
336,6,7277,0
336,7,7277,749
336,8,28,0
336,9,28,420
336,10,32,0
336,11,32,469
336,12,31,0
336,13,31,94
336,14,79,1218
336,15,7616,787
336,16,4261,589
336,17,7614,378
336,18,7616,378
336,19,7614,0
34,0,1805,88
34,1,7585,1082
34,2,770,249
34,3,7049,246
34,4,763,297
34,5,1847,635
34,6,1849,324
34,7,1848,341
34,8,1798,359
34,9,1851,396
34,10,1852,415
34,11,1853,322
34,12,1855,397
34,13,1856,608
34,14,1854,697
34,15,1857,648
34,16,1858,247
34,17,1859,308
34,18,1861,586
34,19,1863,601
34,20,1865,208
34,21,1860,235
34,22,1862,311
34,23,1864,667
34,24,7179,344
34,25,1866,527
34,26,1868,874
34,27,1869,394
34,28,1870,252
34,29,1568,344
34,30,1563,307
34,31,1565,458
34,32,1570,162
34,33,1567,435
34,34,1571,231
34,35,1022,0
340,1,7783,279
340,2,7784,250
340,3,7785,427
340,4,7786,228
340,5,7787,107
340,6,7788,172
340,7,7789,669
340,8,3372,258
340,9,3373,562
340,10,4259,292
340,11,3375,344
340,12,4132,334
340,13,4131,222
340,14,3374,1112
340,15,7774,501
340,16,7776,828
340,17,7778,1108
340,18,7811,2171
340,19,7808,562
340,20,7810,834
340,21,4184,3334
340,22,7813,1458
340,23,7781,1084
340,24,7801,1164
340,25,7815,1812
340,26,3989,450
340,27,7805,2093
340,28,2888,356
340,29,7567,260
340,30,2028,208
340,31,7270,437
340,32,7273,290
340,33,7274,356
340,34,7275,171
340,35,35,0
35,0,8,114
35,1,1,629
35,2,470,276
35,3,437,442
35,4,439,167
35,5,440,563
35,6,432,177
35,7,441,210
35,8,285,313
35,9,286,334
35,10,1907,451
35,11,1909,361
35,12,92,352
35,13,1911,237
35,14,1912,395
35,15,731,200
35,16,1913,326
35,17,1917,735
35,18,1920,305
35,19,1915,391
35,20,1924,886
35,21,730,329
35,22,1916,433
35,23,1918,328
35,24,1925,436
35,25,476,373
35,26,473,254
35,27,475,1614
35,28,477,522
35,29,478,448
35,30,480,575
35,31,479,2163
35,32,482,796
35,33,481,512
35,34,485,409
35,35,483,384
35,36,1025,546
35,37,1030,419
35,38,1026,438
35,39,1028,388
35,40,494,710
35,41,498,625
35,42,7159,447
35,43,495,1103
35,44,536,570
35,45,537,1152
35,46,1919,967
35,47,7695,460
35,48,1097,488
35,49,1098,802
35,50,1100,804
35,51,1099,487
35,52,7700,645
35,53,1871,0
36,0,725,333
36,1,630,617
36,2,631,449
36,3,632,422
36,4,633,155
36,5,1852,415
36,6,1853,322
36,7,1855,397
36,8,1856,608
36,9,1854,697
36,10,1857,648
36,11,1858,247
36,12,1859,308
36,13,1861,586
36,14,1863,601
36,15,1865,408
36,16,1893,388
36,17,1886,464
36,18,1887,276
36,19,1895,290
36,20,1888,313
36,21,1898,470
36,22,1892,913
36,23,1900,461
36,24,1894,525
36,25,1902,606
36,26,1896,467
36,27,1904,372
36,28,1897,275
36,29,1906,511
36,30,1899,678
36,31,1908,223
36,32,1901,429
36,33,1910,309
36,34,1903,291
36,35,1905,271
36,36,166,0
37,0,1936,328
37,1,1943,74
37,2,1938,687
37,3,1940,790
37,4,1946,185
37,5,1942,1220
37,6,18,400
37,7,22,138
37,8,21,256
37,9,23,168
37,10,24,186
37,11,25,338
37,12,26,179
37,13,27,575
37,14,30,180
37,15,1256,316
37,16,4271,180
37,17,2724,253
37,18,4272,198
37,19,4273,246
37,20,4274,320
37,21,243,269
37,22,244,242
37,23,245,183
37,24,246,102
37,25,247,235
37,26,248,357
37,27,250,239
37,28,249,531
37,29,251,401
37,30,252,292
37,31,253,382
37,32,254,240
37,33,255,269
37,34,256,372
37,35,911,370
37,36,913,305
37,37,912,667
37,38,1945,0
38,0,7282,455
38,1,620,272
38,2,622,266
38,3,624,580
38,4,623,384
38,5,626,175
38,6,4219,381
38,7,1948,398
38,8,1955,257
38,9,1949,441
38,10,1956,341
38,11,1950,289
38,12,1958,251
38,13,1952,89
38,14,2022,271
38,15,1954,145
38,16,1960,231
38,17,1957,516
38,18,1959,323
38,19,1961,183
38,20,1964,123
38,21,1783,314
38,22,1784,401
38,23,1963,445
38,24,1966,328
38,25,1968,1500
38,26,1739,1346
38,27,1741,314
38,28,1965,219
38,29,1967,333
38,30,1970,367
38,31,1969,401
38,32,1971,316
38,33,1972,164
38,34,1974,282
38,35,1975,278
38,36,2604,337
38,37,2599,190
38,38,1998,474
38,39,7130,388
38,40,1979,0
380,0,1979,132
380,1,177,302
380,2,178,352
380,3,180,289
380,4,181,443
380,5,179,671
380,6,183,354
380,7,182,334
380,8,185,234
380,9,184,521
380,10,187,307
380,11,186,81
380,12,256,372
380,13,911,370
380,14,913,305
380,15,912,69
380,16,995,246
380,17,997,494
380,18,999,309
380,19,258,460
380,20,600,249
380,21,602,755
380,22,605,379
380,23,608,300
380,24,607,397
380,25,610,401
380,26,609,452
380,27,612,460
380,28,611,195
380,29,613,443
380,30,614,469
380,31,615,695
380,32,616,136
380,33,434,175
380,34,436,174
380,35,435,268
380,36,438,328
380,37,1010,360
380,38,620,272
380,39,622,266
380,40,624,580
380,41,623,384
380,42,626,286
380,43,627,341
380,44,628,340
380,45,629,556
380,46,1386,289
380,47,117,481
380,48,116,102
380,49,4150,288
380,50,630,617
380,51,631,449
380,52,632,422
380,53,633,333
380,54,634,363
380,55,635,575
380,56,636,991
380,57,637,581
380,58,638,1231
380,59,639,492
380,60,640,498
380,61,3422,356
380,62,3430,514
380,63,641,842
380,64,643,433
380,65,642,539
380,66,644,297
380,67,645,427
380,68,646,800
380,69,3876,613
380,70,3424,569
380,71,3425,38976
380,72,7806,0
381,0,166,494
381,1,2342,510
381,2,2341,406
381,3,2346,319
381,4,2344,592
381,5,2677,289
381,6,2675,646
381,7,2676,544
381,8,2678,448
381,9,2680,387
381,10,932,312
381,11,935,336
381,12,933,560
381,13,936,460
381,14,942,592
381,15,937,280
381,16,938,397
381,17,944,431
381,18,2356,508
381,19,2359,276
381,20,2358,347
381,21,2360,238
381,22,2361,680
381,23,2364,589
381,24,2362,316
381,25,2363,515
381,26,2368,861
381,27,2365,859
381,28,315,342
381,29,320,678
381,30,1549,320
381,31,1551,341
381,32,1554,261
381,33,1557,310
381,34,1553,620
381,35,1555,442
381,36,1558,362
381,37,1556,11657
381,38,7208,0
382,0,1979,132
382,1,177,302
382,2,178,352
382,3,180,289
382,4,181,443
382,5,179,671
382,6,183,354
382,7,182,334
382,8,185,234
382,9,184,521
382,10,187,307
382,11,186,81
382,12,256,372
382,13,911,370
382,14,913,305
382,15,912,69
382,16,995,246
382,17,997,494
382,18,999,309
382,19,258,797
382,20,511,155
382,21,556,323
382,22,512,607
382,23,232,300
382,24,558,358
382,25,513,257
382,26,514,199
382,27,515,273
382,28,7262,525
382,29,422,221
382,30,517,258
382,31,518,206
382,32,519,306
382,33,520,299
382,34,521,416
382,35,366,464
382,36,476,373
382,37,473,254
382,38,475,1614
382,39,477,522
382,40,478,448
382,41,480,575
382,42,479,2163
382,43,482,796
382,44,481,512
382,45,485,409
382,46,483,384
382,47,1025,546
382,48,1030,419
382,49,1026,438
382,50,1028,388
382,51,494,710
382,52,498,625
382,53,7159,447
382,54,495,1103
382,55,536,3101
382,56,1097,488
382,57,1098,802
382,58,1100,804
382,59,1099,6653
382,60,7208,0
4,0,35,173
4,1,7276,326
4,2,7277,221
4,3,7278,591
4,4,7266,60
4,5,7693,70
4,6,1256,316
4,7,4271,180
4,8,2724,253
4,9,4272,198
4,10,4273,246
4,11,4274,320
4,12,243,269
4,13,244,242
4,14,245,183
4,15,246,102
4,16,247,235
4,17,248,357
4,18,250,239
4,19,249,531
4,20,251,401
4,21,252,292
4,22,253,382
4,23,254,240
4,24,255,269
4,25,256,329
4,26,257,238
4,27,258,345
4,28,259,265
4,29,260,212
4,30,261,405
4,31,262,458
4,32,263,267
4,33,264,389
4,34,265,667
4,35,266,255
4,36,268,482
4,37,267,712
4,38,270,477
4,39,271,696
4,40,272,230
4,41,273,811
4,42,275,453
4,43,277,997
4,44,1115,68
4,45,1239,162
4,46,166,0
40,0,35,173
40,1,7276,326
40,2,7277,221
40,3,7278,588
40,4,7264,137
40,5,1256,316
40,6,4271,180
40,7,2724,253
40,8,4272,198
40,9,4273,299
40,10,2692,508
40,11,2029,183
40,12,1096,239
40,13,2030,341
40,14,2031,798
40,15,2033,291
40,16,2727,271
40,17,2109,213
40,18,591,113
40,19,2039,319
40,20,2035,273
40,21,2041,244
40,22,2036,267
40,23,2038,340
40,24,2043,319
40,25,2047,479
40,26,2046,579
40,27,2040,266
40,28,2042,401
40,29,921,430
40,30,920,337
40,31,922,422
40,32,923,341
40,33,924,450
40,34,4745,265
40,35,925,447
40,36,2049,501
40,37,2044,240
40,38,2045,462
40,39,2051,435
40,40,2048,341
40,41,2053,298
40,42,2050,544
40,43,2092,295
40,44,2052,697
40,45,2057,530
40,46,2054,242
40,47,2055,236
40,48,2058,323
40,49,2059,274
40,50,2060,316
40,51,2061,298
40,52,1695,275
40,53,1696,440
40,54,1698,354
40,55,1697,294
40,56,6839,220
40,57,1700,461
40,58,1699,176
40,59,1703,325
40,60,1624,212
40,61,1701,512
40,62,1704,249
40,63,1706,135
40,64,1615,0
41,0,35,173
41,1,7276,326
41,2,7277,221
41,3,7278,591
41,4,7266,60
41,5,7693,70
41,6,1256,227
41,7,32,469
41,8,31,230
41,9,34,335
41,10,42,302
41,11,44,127
41,12,39,431
41,13,2029,183
41,14,1096,474
41,15,293,162
41,16,295,414
41,17,298,435
41,18,297,283
41,19,300,475
41,20,299,621
41,21,302,223
41,22,301,98
41,23,522,1965
41,24,304,380
41,25,309,387
41,26,306,330
41,27,310,320
41,28,312,422
41,29,307,475
41,30,308,521
41,31,314,348
41,32,316,359
41,33,311,281
41,34,313,298
41,35,318,444
41,36,315,342
41,37,320,633
41,38,317,479
41,39,322,499
41,40,319,350
41,41,321,949
41,42,323,205
41,43,325,568
41,44,324,826
41,45,2083,390
41,46,2084,424
41,47,1040,222
41,48,1041,957
41,49,1042,329
41,50,396,874
41,51,536,570
41,52,537,1067
41,53,7644,276
41,54,7648,279
41,55,7623,364
41,56,7646,236
41,57,538,0
42,0,35,173
42,1,7276,326
42,2,7277,221
42,3,7278,609
42,4,4275,335
42,5,32,79
42,6,2114,109
42,7,2115,373
42,8,2116,420
42,9,855,293
42,10,857,514
42,11,858,332
42,12,860,1386
42,13,843,145
42,14,2122,280
42,15,2123,458
42,16,2125,243
42,17,2124,283
42,18,2126,402
42,19,2130,281
42,20,2186,343
42,21,2127,342
42,22,2128,422
42,23,2132,268
42,24,2131,246
42,25,2135,223
42,26,2133,250
42,27,2136,202
42,28,2134,201
42,29,1362,220
42,30,1358,228
42,31,1360,372
42,32,1366,511
42,33,1055,306
42,34,1147,297
42,35,1058,286
42,36,1061,392
42,37,1063,390
42,38,1060,402
42,39,1065,267
42,40,1062,537
42,41,1066,279
42,42,1064,144
42,43,2138,324
42,44,2137,286
42,45,2141,360
42,46,2139,300
42,47,2144,113
42,48,2140,0
43,0,496,92
43,1,2148,220
43,2,2149,324
43,3,2151,289
43,4,2150,524
43,5,2153,226
43,6,879,731
43,7,881,566
43,8,884,397
43,9,878,383
43,10,880,685
43,11,882,396
43,12,886,545
43,13,887,1014
43,14,883,693
43,15,885,477
43,16,889,412
43,17,891,390
43,18,893,493
43,19,888,327
43,20,892,538
43,21,894,541
43,22,895,144
43,23,702,551
43,24,2155,381
43,25,2152,267
43,26,2154,304
43,27,2157,383
43,28,4597,392
43,29,2156,764
43,30,3791,281
43,31,3790,452
43,32,3793,478
43,33,2158,491
43,34,2161,391
43,35,2160,635
43,36,2163,742
43,37,2162,526
43,38,2165,358
43,39,2164,383
43,40,2166,410
43,41,2168,669
43,42,2169,692
43,43,2167,506
43,44,2171,570
43,45,2170,192
43,46,2172,0
44,0,278,87
44,1,4774,256
44,2,464,216
44,3,897,378
44,4,896,503
44,5,1023,339
44,6,1018,170
44,7,1024,306
44,8,1027,451
44,9,1020,219
44,10,1029,246
44,11,1616,260
44,12,2191,302
44,13,2192,446
44,14,2193,256
44,15,2194,363
44,16,7311,239
44,17,2199,275
44,18,2195,235
44,19,2196,505
44,20,2198,202
44,21,2201,410
44,22,2203,393
44,23,2200,400
44,24,2205,445
44,25,1302,171
44,26,2202,215
44,27,268,482
44,28,267,712
44,29,270,477
44,30,271,696
44,31,272,264
44,32,2207,426
44,33,2208,413
44,34,2206,567
44,35,2204,459
44,36,2287,214
44,37,2210,456
44,38,2212,450
44,39,2211,155
44,40,2213,225
44,41,2215,678
44,42,2273,423
44,43,2217,509
44,44,2214,550
44,45,4659,489
44,46,4657,457
44,47,4658,772
44,48,3971,406
44,49,4715,356
44,50,2220,383
44,51,2221,975
44,52,2222,443
44,53,3949,557
44,54,3939,344
44,55,2265,336
44,56,2227,0
45,0,1403,326
45,1,362,319
45,2,363,318
45,3,364,277
45,4,365,203
45,5,588,440
45,6,589,312
45,7,590,215
45,8,592,115
45,9,1648,370
45,10,1651,368
45,11,2041,244
45,12,2036,267
45,13,2038,340
45,14,2043,319
45,15,2047,479
45,16,2046,579
45,17,2040,266
45,18,2042,401
45,19,921,430
45,20,920,337
45,21,922,422
45,22,923,341
45,23,924,450
45,24,4745,265
45,25,925,447
45,26,2049,501
45,27,2044,240
45,28,2045,462
45,29,2051,435
45,30,2048,341
45,31,2053,298
45,32,2050,544
45,33,2092,295
45,34,2052,697
45,35,2057,393
45,36,2089,304
45,37,2090,495
45,38,2254,399
45,39,2250,306
45,40,2251,389
45,41,2252,370
45,42,1115,31
45,43,1116,34
45,44,1117,401
45,45,1151,84
45,46,1689,613
45,47,1152,131
45,48,1690,326
45,49,1691,392
45,50,1692,407
45,51,1693,324
45,52,1694,154
45,53,2340,372
45,54,2338,412
45,55,2339,502
45,56,2264,365
45,57,2262,378
45,58,4762,401
45,59,2255,331
45,60,2266,345
45,61,2257,442
45,62,2259,404
45,63,2268,449
45,64,2261,92
45,65,1303,552
45,66,2270,501
45,67,2272,0
46,0,496,324
46,1,502,257
46,2,499,640
46,3,542,367
46,4,501,563
46,5,138,358
46,6,139,278
46,7,4773,495
46,8,1778,551
46,9,728,185
46,10,111,458
46,11,110,312
46,12,113,152
46,13,112,554
46,14,114,418
46,15,115,257
46,16,117,481
46,17,116,102
46,18,4150,288
46,19,630,328
46,20,2306,313
46,21,7141,964
46,22,2932,217
46,23,2308,313
46,24,2309,166
46,25,2311,320
46,26,2310,432
46,27,2312,445
46,28,2313,292
46,29,1861,586
46,30,1863,601
46,31,1865,351
46,32,2314,337
46,33,2315,299
46,34,2316,361
46,35,2317,468
46,36,2318,316
46,37,2319,406
46,38,2320,292
46,39,2321,1028
46,40,2322,640
46,41,2323,645
46,42,2324,359
46,43,2325,417
46,44,2326,312
46,45,2327,0
48,0,35,84
48,1,86,121
48,2,88,460
48,3,89,203
48,4,90,226
48,5,1409,260
48,6,1413,278
48,7,1416,290
48,8,1411,362
48,9,1412,937
48,10,98,419
48,11,100,247
48,12,2410,259
48,13,2413,240
48,14,2412,147
48,15,2415,194
48,16,2414,314
48,17,2417,318
48,18,2416,235
48,19,2419,308
48,20,2418,352
48,21,2421,245
48,22,2199,275
48,23,2195,235
48,24,2196,350
48,25,2420,431
48,26,2423,236
48,27,2422,313
48,28,2425,226
48,29,2424,477
48,30,1302,171
48,31,2202,215
48,32,268,482
48,33,267,712
48,34,270,477
48,35,271,696
48,36,272,230
48,37,273,811
48,38,275,453
48,39,277,997
48,40,1115,230
48,41,166,0
49,0,35,173
49,1,7276,326
49,2,7277,221
49,3,7278,89
49,4,120,74
49,5,3080,320
49,6,84,407
49,7,1297,145
49,8,292,431
49,9,242,218
49,10,7589,324
49,11,2481,436
49,12,2483,105
49,13,2491,151
49,14,2494,280
49,15,2485,545
49,16,449,222
49,17,2496,273
49,18,2487,414
49,19,2497,365
49,20,2489,392
49,21,2499,202
49,22,2492,333
49,23,2493,517
49,24,259,265
49,25,260,212
49,26,261,405
49,27,262,458
49,28,263,267
49,29,264,389
49,30,265,667
49,31,266,255
49,32,268,482
49,33,267,712
49,34,270,289
49,35,2454,515
49,36,2651,568
49,37,2920,484
49,38,2921,311
49,39,3101,327
49,40,3100,469
49,41,3103,292
49,42,2504,249
49,43,2505,301
49,44,2521,887
49,45,2520,271
49,46,2511,368
49,47,2518,277
49,48,2513,297
49,49,2516,412
49,50,2517,307
49,51,2522,279
49,52,2523,336
49,53,2524,389
49,54,2506,395
49,55,2529,726
49,56,2527,541
49,57,2507,1085
49,58,2508,838
49,59,2510,232
49,60,2430,517
49,61,2429,418
49,62,2536,349
49,63,2269,440
49,64,2426,0
5,0,8,115
5,1,2393,227
5,2,2,456
5,3,3,136
5,4,5,509
5,5,279,219
5,6,281,209
5,7,282,452
5,8,283,219
5,9,284,193
5,10,285,313
5,11,286,514
5,12,288,404
5,13,3164,852
5,14,287,389
5,15,290,473
5,16,289,354
5,17,292,431
5,18,242,594
5,19,291,486
5,20,294,298
5,21,296,521
5,22,293,162
5,23,295,414
5,24,298,435
5,25,297,283
5,26,300,475
5,27,299,621
5,28,302,223
5,29,301,343
5,30,305,1720
5,31,304,380
5,32,309,387
5,33,306,330
5,34,310,320
5,35,312,422
5,36,307,475
5,37,308,521
5,38,314,348
5,39,316,359
5,40,311,281
5,41,313,298
5,42,318,444
5,43,315,342
5,44,320,633
5,45,317,479
5,46,322,499
5,47,319,350
5,48,321,949
5,49,323,205
5,50,325,568
5,51,324,343
5,52,330,347
5,53,327,346
5,54,329,241
5,55,332,527
5,56,331,323
5,57,333,8313
5,58,7208,0
50,0,2467,431
50,1,2472,396
50,2,2480,1028
50,3,2482,461
50,4,2474,159
50,5,4170,237
50,6,4171,410
50,7,4172,524
50,8,4173,230
50,9,4002,289
50,10,4004,259
50,11,3996,330
50,12,3997,159
50,13,4006,349
50,14,4187,295
50,15,4188,848
50,16,4189,628
50,17,7678,506
50,18,4191,686
50,19,4192,249
50,20,4533,297
50,21,3265,260
50,22,4193,282
50,23,4194,404
50,24,4195,277
50,25,4196,441
50,26,4197,198
50,27,4198,1213
50,28,486,312
50,29,489,516
50,30,491,274
50,31,488,644
50,32,1540,494
50,33,1542,601
50,34,1543,377
50,35,1545,129
50,36,1544,232
50,37,1547,207
50,38,1546,257
50,39,1550,156
50,40,1548,404
50,41,1552,651
50,42,2479,0
51,0,1560,353
51,1,1561,166
51,2,2549,366
51,3,2553,319
51,4,2551,412
51,5,2556,250
51,6,2554,277
51,7,2555,212
51,8,2558,377
51,9,4295,353
51,10,4323,62
51,11,2394,231
51,12,4336,357
51,13,2560,284
51,14,2559,244
51,15,1392,378
51,16,1826,262
51,17,1830,343
51,18,996,218
51,19,998,319
51,20,1000,200
51,21,1002,278
51,22,1001,430
51,23,1003,362
51,24,2562,499
51,25,2561,296
51,26,1399,188
51,27,2564,515
51,28,1394,221
51,29,2563,186
51,30,731,200
51,31,1913,326
51,32,1917,416
51,33,1914,320
51,34,1920,110
51,35,2565,268
51,36,2566,239
51,37,2567,264
51,38,2692,508
51,39,2029,698
51,40,2573,507
51,41,2579,956
51,42,2574,404
51,43,2581,1605
51,44,477,522
51,45,478,448
51,46,480,575
51,47,479,2163
51,48,482,796
51,49,481,512
51,50,485,409
51,51,483,384
51,52,1025,546
51,53,1030,419
51,54,1026,438
51,55,1028,388
51,56,494,1334
51,57,7159,447
51,58,495,1103
51,59,536,570
51,60,537,1067
51,61,7644,276
51,62,7648,423
51,63,4412,0
52,0,7582,152
52,1,1245,705
52,2,1444,293
52,3,1348,395
52,4,1350,332
52,5,1349,358
52,6,1351,385
52,7,1352,274
52,8,1996,221
52,9,840,344
52,10,842,550
52,11,841,537
52,12,844,1236
52,13,848,288
52,14,847,388
52,15,850,346
52,16,849,212
52,17,852,300
52,18,851,118
52,19,1195,228
52,20,1193,721
52,21,1379,245
52,22,27,612
52,23,7264,137
52,24,1256,316
52,25,4271,180
52,26,2724,253
52,27,4272,198
52,28,4273,246
52,29,4274,141
52,30,291,363
52,31,41,552
52,32,43,312
52,33,46,219
52,34,47,199
52,35,2728,515
52,36,2726,431
52,37,2033,291
52,38,2727,271
52,39,2109,213
52,40,591,113
52,41,2039,319
52,42,2035,369
52,43,1650,268
52,44,2746,216
52,45,2748,307
52,46,2747,462
52,47,2750,261
52,48,2749,565
52,49,2752,334
52,50,2751,208
52,51,2754,637
52,52,2756,386
52,53,7598,283
52,54,7597,291
52,55,7596,369
52,56,2535,0
53,0,725,483
53,1,4149,260
53,2,140,447
53,3,718,240
53,4,715,412
53,5,720,310
53,6,7138,516
53,7,7139,326
53,8,2575,190
53,9,2580,788
53,10,2576,441
53,11,1621,262
53,12,2577,294
53,13,2585,134
53,14,2578,214
53,15,2587,371
53,16,2582,362
53,17,1732,316
53,18,1733,301
53,19,2589,398
53,20,2584,84
53,21,2591,229
53,22,2586,287
53,23,2593,130
53,24,2588,130
53,25,2595,156
53,26,2590,176
53,27,2592,248
53,28,2597,364
53,29,2594,279
53,30,2596,340
53,31,2598,140
53,32,2600,440
53,33,2602,202
53,34,2604,337
53,35,2599,188
53,36,2601,314
53,37,2603,195
53,38,2457,499
53,39,2916,392
53,40,271,228
53,41,2607,437
53,42,2605,339
53,43,2609,280
53,44,2606,208
53,45,4741,238
53,46,4742,331
53,47,2611,243
53,48,2612,231
53,49,2613,325
53,50,2614,192
53,51,2615,303
53,52,2616,264
53,53,2617,363
53,54,2618,391
53,55,2620,366
53,56,2619,424
53,57,4740,362
53,58,2621,300
53,59,2623,240
53,60,2624,592
53,61,2625,262
53,62,2629,439
53,63,2626,127
53,64,72,547
53,65,64,248
53,66,4754,395
53,67,73,526
53,68,213,689
53,69,6834,394
53,70,946,0
54,0,166,494
54,1,2342,510
54,2,2341,406
54,3,2346,319
54,4,2344,592
54,5,2677,289
54,6,2675,646
54,7,2676,544
54,8,2678,448
54,9,2680,387
54,10,932,312
54,11,935,336
54,12,933,560
54,13,936,460
54,14,942,592
54,15,937,280
54,16,938,397
54,17,944,431
54,18,2356,508
54,19,2359,276
54,20,2358,347
54,21,2360,238
54,22,2361,680
54,23,2364,589
54,24,2362,316
54,25,2363,515
54,26,2368,861
54,27,2365,859
54,28,315,342
54,29,320,633
54,30,317,479
54,31,322,499
54,32,319,350
54,33,321,949
54,34,323,205
54,35,325,568
54,36,324,826
54,37,2083,390
54,38,2084,424
54,39,1040,222
54,40,1041,957
54,41,1042,329
54,42,396,874
54,43,536,570
54,44,537,1152
54,45,1919,287
54,46,7644,0
55,0,35,173
55,1,7276,326
55,2,7277,221
55,3,7278,593
55,4,7268,215
55,5,7564,172
55,6,853,866
55,7,856,155
55,8,855,293
55,9,857,514
55,10,858,332
55,11,860,930
55,12,2118,197
55,13,2117,248
55,14,2789,418
55,15,2067,277
55,16,2069,361
55,17,2068,278
55,18,2070,188
55,19,1442,265
55,20,1448,325
55,21,1443,142
55,22,2807,186
55,23,2806,351
55,24,2809,94
55,25,2808,324
55,26,2811,183
55,27,2810,424
55,28,1997,130
55,29,1351,385
55,30,1352,296
55,31,1354,295
55,32,1353,220
55,33,869,692
55,34,864,353
55,35,865,510
55,36,872,611
55,37,2689,465
55,38,868,868
55,39,873,347
55,40,870,489
55,41,875,315
55,42,2812,395
55,43,2813,285
55,44,2815,231
55,45,2079,309
55,46,3339,876
55,47,7655,552
55,48,496,0
57,0,35,173
57,1,7276,326
57,2,7277,221
57,3,7278,588
57,4,7264,137
57,5,1256,316
57,6,4271,180
57,7,2724,253
57,8,4272,198
57,9,4273,426
57,10,2704,347
57,11,2706,183
57,12,2707,267
57,13,43,312
57,14,46,219
57,15,47,199
57,16,2728,515
57,17,2726,431
57,18,2033,291
57,19,2727,271
57,20,2109,213
57,21,591,113
57,22,2039,319
57,23,2035,369
57,24,1650,314
57,25,1654,788
57,26,1652,570
57,27,539,527
57,28,2729,402
57,29,2731,399
57,30,2730,270
57,31,2733,430
57,32,2732,320
57,33,2734,328
57,34,2737,397
57,35,2735,211
57,36,2738,269
57,37,2736,443
57,38,4744,376
57,39,2741,278
57,40,4726,433
57,41,2632,247
57,42,2633,286
57,43,4738,593
57,44,2743,314
57,45,2742,967
57,46,1670,488
57,47,1669,442
57,48,1674,348
57,49,1671,387
57,50,2745,0
59,0,2547,575
59,1,1380,479
59,2,1382,345
59,3,1251,1129
59,4,4424,257
59,5,1250,151
59,6,1253,323
59,7,1252,230
59,8,1254,910
59,9,2028,207
59,10,78,452
59,11,1944,581
59,12,1297,200
59,13,380,392
59,14,383,280
59,15,382,191
59,16,89,203
59,17,90,221
59,18,425,132
59,19,424,260
59,20,426,463
59,21,429,413
59,22,427,161
59,23,2843,386
59,24,2846,272
59,25,2845,286
59,26,2848,307
59,27,1412,434
59,28,3301,335
59,29,3302,334
59,30,3303,133
59,31,1007,308
59,32,1013,320
59,33,1008,266
59,34,2855,386
59,35,2852,244
59,36,2414,314
59,37,2417,318
59,38,2416,107
59,39,1644,527
59,40,1646,329
59,41,1645,210
59,42,1029,173
59,43,1022,0
6,0,8,232
6,1,464,490
6,2,470,276
6,3,437,442
6,4,439,167
6,5,440,645
6,6,465,189
6,7,469,502
6,8,466,222
6,9,472,456
6,10,467,197
6,11,474,264
6,12,471,195
6,13,287,389
6,14,290,473
6,15,289,354
6,16,292,431
6,17,242,594
6,18,291,486
6,19,294,298
6,20,296,521
6,21,293,162
6,22,295,414
6,23,298,435
6,24,297,283
6,25,300,390
6,26,476,373
6,27,473,254
6,28,475,1614
6,29,477,522
6,30,478,448
6,31,480,575
6,32,479,2163
6,33,482,796
6,34,481,512
6,35,485,409
6,36,483,651
6,37,484,423
6,38,486,312
6,39,489,516
6,40,491,274
6,41,488,239
6,42,493,384
6,43,490,521
6,44,492,307
6,45,497,346
6,46,494,1334
6,47,7159,447
6,48,495,971
6,49,500,422
6,50,394,0
60,0,35,173
60,1,7276,326
60,2,7277,221
60,3,7278,593
60,4,7268,215
60,5,7564,266
60,6,2854,657
60,7,2857,592
60,8,2856,842
60,9,2858,366
60,10,2859,485
60,11,2860,243
60,12,2861,935
60,13,2862,464
60,14,2863,612
60,15,138,358
60,16,139,278
60,17,4773,437
60,18,4418,562
60,19,2867,907
60,20,2866,660
60,21,2868,846
60,22,2869,691
60,23,2870,937
60,24,2871,656
60,25,2872,219
60,26,1798,359
60,27,1851,288
60,28,709,343
60,29,714,563
60,30,710,419
60,31,716,319
60,32,713,281
60,33,725,0
62,0,725,333
62,1,630,328
62,2,2306,333
62,3,7538,338
62,4,7537,225
62,5,7536,281
62,6,7535,438
62,7,7534,131
62,8,2307,481
62,9,2902,358
62,10,2904,246
62,11,2907,226
62,12,2906,117
62,13,2909,277
62,14,2908,296
62,15,2910,519
62,16,1963,445
62,17,1966,328
62,18,1968,235
62,19,1806,352
62,20,1807,369
62,21,1812,418
62,22,1809,684
62,23,1814,324
62,24,1609,482
62,25,1623,188
62,26,1811,552
62,27,2589,419
62,28,2551,412
62,29,2556,250
62,30,2554,147
62,31,2911,215
62,32,2913,369
62,33,2912,126
62,34,2918,451
62,35,2914,252
62,36,2594,279
62,37,2596,340
62,38,2598,140
62,39,2600,440
62,40,2602,361
62,41,2000,356
62,42,2005,344
62,43,2917,149
62,44,2915,480
62,45,2919,513
62,46,2457,499
62,47,2916,392
62,48,271,696
62,49,272,230
62,50,273,811
62,51,275,453
62,52,277,823
62,53,166,0
64,0,1403,326
64,1,362,319
64,2,363,318
64,3,364,277
64,4,365,218
64,5,366,464
64,6,476,373
64,7,473,254
64,8,475,1379
64,9,2936,238
64,10,2935,449
64,11,2938,429
64,12,2937,301
64,13,2940,126
64,14,2939,264
64,15,2941,439
64,16,3990,320
64,17,3995,314
64,18,3991,322
64,19,2944,600
64,20,2945,752
64,21,2515,403
64,22,2514,340
64,23,7152,518
64,24,2525,247
64,25,2526,312
64,26,2531,358
64,27,2528,1212
64,28,2532,346
64,29,2538,356
64,30,2533,141
64,31,2467,0
65,0,2783,198
65,1,2782,332
65,2,2946,144
65,3,2947,254
65,4,2948,105
65,5,2949,377
65,6,2950,309
65,7,1252,230
65,8,1254,883
65,9,854,332
65,10,7264,555
65,11,2951,377
65,12,2954,250
65,13,2725,218
65,14,2569,311
65,15,2570,280
65,16,2571,190
65,17,7803,23
65,18,1094,167
65,19,2572,252
65,20,2573,507
65,21,2579,498
65,22,2955,348
65,23,2953,272
65,24,2956,94
65,25,2957,285
65,26,297,283
65,27,300,475
65,28,299,621
65,29,302,292
65,30,2959,240
65,31,2958,800
65,32,2961,234
65,33,2962,533
65,34,2963,224
65,35,2964,268
65,36,2965,316
65,37,2968,411
65,38,2966,279
65,39,2970,310
65,40,2967,344
65,41,2972,0
66,0,7701,552
66,1,822,365
66,2,821,426
66,3,824,748
66,4,823,358
66,5,2247,453
66,6,2244,309
66,7,2246,356
66,8,2248,248
66,9,2249,370
66,10,502,257
66,11,499,640
66,12,542,367
66,13,501,592
66,14,3,136
66,15,5,509
66,16,279,219
66,17,281,209
66,18,282,452
66,19,283,219
66,20,284,446
66,21,2969,315
66,22,2844,320
66,23,466,222
66,24,472,456
66,25,467,124
66,26,1051,201
66,27,1052,276
66,28,1053,229
66,29,2974,421
66,30,2971,110
66,31,25,338
66,32,26,179
66,33,27,561
66,34,7265,190
66,35,1256,227
66,36,32,469
66,37,31,230
66,38,34,335
66,39,42,302
66,40,44,127
66,41,39,414
66,42,294,298
66,43,296,385
66,44,7132,337
66,45,7133,464
66,46,730,329
66,47,1916,433
66,48,1918,328
66,49,1925,278
66,50,299,621
66,51,302,223
66,52,301,98
66,53,522,73
66,54,303,172
66,55,305,191
66,56,1403,0
67,0,2783,154
67,1,3067,676
67,2,3074,259
67,3,3072,115
67,4,3075,336
67,5,3073,203
67,6,3077,172
67,7,1253,747
67,8,1379,280
67,9,3080,320
67,10,84,126
67,11,85,254
67,12,87,324
67,13,86,373
67,14,1019,725
67,15,3076,139
67,16,3079,316
67,17,3078,620
67,18,3082,299
67,19,3084,471
67,20,3081,1180
67,21,3087,372
67,22,3090,459
67,23,617,196
67,24,4276,370
67,25,3089,643
67,26,3091,298
67,27,3092,2231
67,28,3096,616
67,29,3098,481
67,30,3099,459
67,31,2989,0
68,0,8,115
68,1,2393,227
68,2,2,687
68,3,617,693
68,4,618,243
68,5,619,410
68,6,2148,220
68,7,2149,324
68,8,2151,289
68,9,2150,524
68,10,2153,234
68,11,3019,302
68,12,3020,426
68,13,3021,395
68,14,3023,418
68,15,3025,355
68,16,3024,369
68,17,3026,314
68,18,3027,323
68,19,3028,481
68,20,3029,650
68,21,3030,570
68,22,3031,491
68,23,3032,426
68,24,3033,345
68,25,3034,432
68,26,3035,318
68,27,3036,447
68,28,3038,442
68,29,3039,509
68,30,3040,426
68,31,3041,735
68,32,3042,559
68,33,4421,827
68,34,675,273
68,35,4158,406
68,36,3043,0
69,0,1979,132
69,1,177,229
69,2,2292,676
69,3,2602,361
69,4,2000,356
69,5,2005,344
69,6,2917,325
69,7,3101,327
69,8,3100,469
69,9,3103,292
69,10,2504,249
69,11,2505,301
69,12,2521,887
69,13,2520,271
69,14,2511,368
69,15,2518,277
69,16,2513,297
69,17,2516,412
69,18,2517,784
69,19,3102,315
69,20,3105,290
69,21,3104,302
69,22,3107,234
69,23,3106,557
69,24,3109,404
69,25,3108,381
69,26,3110,251
69,27,3111,171
69,28,2211,215
69,29,3113,506
69,30,3112,378
69,31,3115,366
69,32,3114,357
69,33,3117,215
69,34,1690,326
69,35,1691,392
69,36,1692,407
69,37,1693,324
69,38,1694,94
69,39,2062,335
69,40,2085,387
69,41,2086,211
69,42,2087,341
69,43,2088,346
69,44,7324,395
69,45,7325,399
69,46,7317,563
69,47,7318,444
69,48,7319,485
69,49,7320,234
69,50,7557,396
69,51,7553,299
69,52,7554,443
69,53,7555,266
69,54,6835,284
69,55,1615,0
7,0,8,114
7,1,1,281
7,2,2,456
7,3,3,136
7,4,5,223
7,5,437,442
7,6,439,167
7,7,440,563
7,8,432,177
7,9,441,308
7,10,442,191
7,11,444,264
7,12,443,189
7,13,446,453
7,14,158,189
7,15,160,338
7,16,159,286
7,17,162,240
7,18,445,368
7,19,448,683
7,20,7175,409
7,21,447,452
7,22,451,474
7,23,449,199
7,24,453,295
7,25,450,223
7,26,452,337
7,27,252,292
7,28,253,382
7,29,254,240
7,30,255,269
7,31,256,200
7,32,455,342
7,33,457,280
7,34,454,423
7,35,456,339
7,36,459,244
7,37,458,266
7,38,461,435
7,39,56,482
7,40,57,160
7,41,460,277
7,42,463,365
7,43,462,459
7,44,468,0
70,0,3157,429
70,1,506,448
70,2,547,269
70,3,507,262
70,4,548,339
70,5,551,257
70,6,508,285
70,7,509,379
70,8,553,372
70,9,510,612
70,10,555,522
70,11,187,337
70,12,455,342
70,13,457,280
70,14,454,423
70,15,456,339
70,16,459,244
70,17,458,266
70,18,461,944
70,19,6847,317
70,20,6848,312
70,21,6849,486
70,22,7148,278
70,23,7149,351
70,24,7150,379
70,25,7151,1316
70,26,523,622
70,27,524,513
70,28,525,508
70,29,526,338
70,30,527,354
70,31,528,829
70,32,529,523
70,33,530,716
70,34,4463,532
70,35,4470,992
70,36,4471,425
70,37,4486,411
70,38,4553,276
70,39,4554,405
70,40,3383,292
70,41,3381,617
70,42,2083,390
70,43,2084,424
70,44,1040,222
70,45,1041,957
70,46,1042,329
70,47,396,2350
70,48,6845,0
72,0,35,173
72,1,7276,326
72,2,7277,221
72,3,7278,547
72,4,30,180
72,5,1256,316
72,6,4271,180
72,7,2724,253
72,8,4272,198
72,9,4273,426
72,10,2704,16
72,11,2567,402
72,12,294,298
72,13,296,521
72,14,293,162
72,15,295,414
72,16,298,435
72,17,297,283
72,18,300,390
72,19,476,373
72,20,473,254
72,21,475,1614
72,22,477,522
72,23,478,448
72,24,480,575
72,25,479,2163
72,26,482,796
72,27,481,512
72,28,485,409
72,29,483,384
72,30,1025,546
72,31,1030,419
72,32,1026,438
72,33,1028,388
72,34,494,710
72,35,498,625
72,36,7159,447
72,37,495,1207
72,38,48573,0
73,0,3164,861
73,1,2405,996
73,2,2971,110
73,3,25,338
73,4,26,179
73,5,27,561
73,6,7265,783
73,7,31,1023
73,8,2572,3483
73,9,477,4984
73,10,483,2166
73,11,1031,1473
73,12,3175,1633
73,13,2083,3173
73,14,536,570
73,15,537,1067
73,16,7644,440
73,17,7650,357
73,18,7645,333
73,19,7624,191
73,20,7657,622
73,21,7642,545
73,22,7638,938
73,23,7628,503
73,24,7625,433
73,25,7639,115
73,26,4112,0
75,0,3184,457
75,1,2057,393
75,2,2089,304
75,3,2090,803
75,4,2091,253
75,5,2056,634
75,6,2093,256
75,7,2094,335
75,8,2095,208
75,9,2098,373
75,10,2096,237
75,11,2099,436
75,12,2097,415
75,13,4627,427
75,14,4628,224
75,15,926,387
75,16,1665,460
75,17,987,314
75,18,984,245
75,19,986,311
75,20,988,245
75,21,991,336
75,22,219,412
75,23,221,364
75,24,223,384
75,25,224,508
75,26,225,227
75,27,226,412
75,28,228,130
75,29,230,308
75,30,227,301
75,31,229,485
75,32,232,300
75,33,558,358
75,34,513,257
75,35,514,199
75,36,515,273
75,37,7262,525
75,38,422,221
75,39,517,258
75,40,518,206
75,41,519,306
75,42,520,299
75,43,521,416
75,44,366,464
75,45,476,373
75,46,473,254
75,47,475,1614
76,0,8,114
76,1,1,281
76,2,2,456
76,3,3,136
76,4,5,223
76,5,437,442
76,6,439,167
76,7,440,645
76,8,465,189
76,9,469,502
76,10,466,222
76,11,472,456
76,12,467,124
76,13,1051,201
76,14,1052,276
76,15,1053,229
76,16,2974,421
76,17,2971,110
76,18,25,338
76,19,26,179
76,20,27,612
76,21,7266,130
76,22,1256,227
76,23,32,469
76,24,31,367
76,25,1092,297
76,26,1093,228
76,27,1094,167
76,28,2572,252
76,29,2573,507
76,30,2579,956
76,31,2574,1876
76,32,477,522
76,33,478,448
76,34,480,575
76,35,479,2163
76,36,482,796
76,37,481,512
76,38,485,409
76,39,483,408
76,40,4231,244
76,41,484,423
76,42,486,312
76,43,489,516
76,44,491,274
76,45,488,239
76,46,493,384
76,47,490,521
76,48,492,307
76,49,497,374
76,50,1502,400
76,51,1504,309
76,52,1495,180
76,53,1497,244
76,54,1499,412
76,55,1506,329
76,56,1501,330
76,57,1508,663
76,58,1503,894
76,59,3390,569
76,60,3395,198
76,61,4099,360
76,62,4098,254
76,63,7629,650
76,64,4133,611
76,65,7631,605
76,66,3744,235
76,67,1919,967
76,68,7695,0
78,0,946,409
78,1,68,414
78,2,74,371
78,3,69,454
78,4,70,361
78,5,71,277
78,6,77,479
78,7,3204,268
78,8,3203,363
78,9,3206,421
78,10,3259,355
78,11,3207,322
78,12,3210,270
78,13,3209,470
78,14,3214,792
78,15,3212,446
78,16,3211,497
78,17,3213,283
78,18,3216,610
78,19,3215,549
78,20,3217,519
78,21,3218,728
78,22,3219,440
78,23,3220,443
78,24,3245,555
78,25,4681,1202
78,26,3224,560
78,27,3226,698
78,28,3225,945
78,29,3228,840
78,30,3227,1156
78,31,3230,515
78,32,3229,937
78,33,1315,506
78,34,1314,559
78,35,1316,513
78,36,1317,187
78,37,7137,0
79,0,496,324
79,1,502,257
79,2,499,426
79,3,1427,624
79,4,1432,286
79,5,3298,439
79,6,3299,151
79,7,3300,316
79,8,2078,579
79,9,2080,552
79,10,7673,754
79,11,2081,147
79,12,2082,185
79,13,432,177
79,14,441,308
79,15,442,191
79,16,444,264
79,17,443,189
79,18,446,335
79,19,3301,335
79,20,3302,334
79,21,3303,133
79,22,1007,308
79,23,1013,320
79,24,1008,215
79,25,506,448
79,26,547,269
79,27,507,262
79,28,548,339
79,29,551,257
79,30,508,285
79,31,509,379
79,32,553,372
79,33,510,612
79,34,555,522
79,35,187,337
79,36,455,342
79,37,457,280
79,38,454,423
79,39,456,339
79,40,459,244
79,41,458,266
79,42,461,435
79,43,56,482
79,44,57,584
79,45,60,556
79,46,58,456
79,47,62,414
79,48,67,355
79,49,63,348
79,50,72,547
79,51,64,248
79,52,4754,395
79,53,73,526
79,54,213,563
79,55,946,0
8,0,496,324
8,1,502,257
8,2,499,640
8,3,542,367
8,4,501,592
8,5,3,136
8,6,5,223
8,7,437,376
8,8,544,413
8,9,503,649
8,10,546,250
8,11,504,261
8,12,505,340
8,13,506,448
8,14,547,269
8,15,507,262
8,16,548,339
8,17,551,257
8,18,508,285
8,19,509,379
8,20,553,372
8,21,510,612
8,22,555,522
8,23,187,307
8,24,186,339
8,25,511,155
8,26,556,323
8,27,512,607
8,28,232,300
8,29,558,358
8,30,513,257
8,31,514,199
8,32,515,273
8,33,7262,525
8,34,422,221
8,35,517,258
8,36,518,206
8,37,519,306
8,38,520,299
8,39,521,416
8,40,366,121
8,41,299,621
8,42,302,223
8,43,301,98
8,44,522,1633
8,45,523,622
8,46,524,513
8,47,525,508
8,48,526,338
8,49,527,354
8,50,528,829
8,51,529,399
8,52,531,260
8,53,532,531
8,54,533,395
8,55,534,394
8,56,535,717
8,57,493,384
8,58,490,521
8,59,492,307
8,60,497,346
8,61,494,710
8,62,498,625
8,63,7159,447
8,64,495,1103
8,65,536,570
8,66,537,1152
8,67,1919,287
8,68,7644,276
8,69,7648,279
8,70,7623,322
8,71,538,0
81,0,725,333
81,1,630,617
81,2,631,449
81,3,632,422
81,4,633,333
81,5,634,363
81,6,635,1368
81,7,1856,608
81,8,1854,697
81,9,1857,648
81,10,1858,554
81,11,1861,586
81,12,1863,601
81,13,1865,408
81,14,1893,388
81,15,1886,464
81,16,1887,276
81,17,1895,290
81,18,1888,313
81,19,1898,470
81,20,1892,913
81,21,1900,461
81,22,1894,525
81,23,1902,606
81,24,1896,467
81,25,1904,372
81,26,1897,786
81,27,1899,678
81,28,1908,650
81,29,1910,309
81,30,1903,808
81,31,2342,510
81,32,2341,725
81,33,2344,592
81,34,2677,935
81,35,2676,544
81,36,2678,448
81,37,2680,387
81,38,932,312
81,39,935,336
81,40,933,560
81,41,936,460
81,42,942,592
81,43,937,677
81,44,944,431
81,45,2356,508
81,46,2359,622
81,47,2360,917
81,48,2364,589
81,49,2362,817
81,50,2368,861
81,51,2365,859
81,52,315,342
81,53,320,633
81,54,317,479
81,55,322,499
81,56,319,350
81,57,321,949
81,58,323,205
81,59,325,568
81,60,324,826
81,61,2083,390
81,62,2084,424
81,63,1040,222
81,64,1041,957
81,65,1042,329
81,66,396,874
81,67,536,570
81,68,537,1152
81,69,1919,1422
81,70,1097,488
81,71,1098,802
81,72,1100,804
81,73,1099,6653
81,74,7208,0
82,0,1403,326
82,1,362,319
82,2,363,318
82,3,364,277
82,4,365,218
82,5,366,464
82,6,476,373
82,7,473,254
82,8,475,2135
82,9,478,448
82,10,480,575
82,11,479,2163
82,12,482,796
82,13,481,512
82,14,485,791
82,15,1025,546
82,16,1030,419
82,17,1026,438
82,18,1028,388
82,19,494,710
82,20,498,1072
82,21,495,1103
82,22,536,570
82,23,537,1152
82,24,1919,1422
82,25,1097,488
82,26,1098,802
82,27,1100,804
82,28,1099,20411
82,29,7213,0
83,0,1403,326
83,1,362,319
83,2,363,318
83,3,364,277
83,4,365,218
83,5,366,464
83,6,476,373
83,7,473,254
83,8,475,1614
83,9,477,522
83,10,478,448
83,11,480,575
83,12,479,2163
83,13,482,796
83,14,481,512
83,15,485,409
83,16,483,384
83,17,1025,546
83,18,1030,419
83,19,1026,438
83,20,1028,388
83,21,494,1334
83,22,7159,447
83,23,495,16137
83,24,7215,0
85,0,3364,277
85,1,3363,1184
85,2,3365,1264
85,3,3366,752
85,4,3368,925
85,5,3369,481
85,6,3367,288
85,7,3370,634
85,8,3372,258
85,9,3373,837
85,10,3375,888
85,11,3374,630
85,12,3377,822
85,13,1533,634
85,14,1530,457
85,15,1535,236
85,16,1532,456
85,17,1537,258
85,18,1534,172
85,19,1536,361
85,20,1539,324
85,21,1538,695
85,22,402,238
85,23,403,295
85,24,404,426
85,25,405,606
85,26,3376,512
85,27,3378,356
85,28,3379,281
85,29,3380,401
85,30,3382,586
85,31,3383,292
85,32,3381,384
85,33,330,347
85,34,327,346
85,35,329,241
85,36,332,527
85,37,331,323
85,38,333,5879
85,39,7216,0
86,0,166,494
86,1,2342,510
86,2,2341,406
86,3,2346,319
86,4,2344,592
86,5,2677,289
86,6,2675,646
86,7,2676,544
86,8,2678,448
86,9,2680,387
86,10,932,312
86,11,935,336
86,12,933,560
86,13,936,460
86,14,942,592
86,15,937,280
86,16,938,397
86,17,944,431
86,18,2356,508
86,19,2359,276
86,20,2358,347
86,21,2360,238
86,22,2361,680
86,23,2364,589
86,24,2362,316
86,25,2363,515
86,26,2368,861
86,27,2365,478
86,28,3403,589
86,29,3405,12122
86,30,7257,0
87,0,3874,17169
87,1,7217,0
89,0,1310,2943
89,1,7591,0
9,0,8,328
9,1,621,167
9,2,620,272
9,3,622,266
9,4,624,345
9,5,625,235
9,6,623,384
9,7,626,286
9,8,627,341
9,9,628,340
9,10,629,556
9,11,1386,289
9,12,117,481
9,13,116,102
9,14,4150,288
9,15,630,617
9,16,631,449
9,17,632,422
9,18,633,333
9,19,634,363
9,20,635,575
9,21,636,991
9,22,637,581
9,23,638,1231
9,24,639,492
9,25,640,498
9,26,3422,356
9,27,3430,514
9,28,641,842
9,29,643,433
9,30,642,539
9,31,644,297
9,32,645,427
9,33,646,358
9,34,647,630
9,35,648,456
9,36,649,345
9,37,650,242
9,38,651,161
9,39,653,287
9,40,652,384
9,41,655,405
9,42,654,463
9,43,657,200
9,44,656,484
9,45,659,268
9,46,658,429
9,47,661,363
9,48,660,442
9,49,662,298
9,50,663,336
9,51,664,535
9,52,665,338
9,53,4159,444
9,54,667,371
9,55,666,507
9,56,669,279
9,57,668,288
9,58,671,384
9,59,3043,0
90,0,725,333
90,1,630,328
90,2,2306,313
90,3,7141,1029
90,4,2308,313
90,5,2309,338
90,6,3404,462
90,7,2909,277
90,8,2908,296
90,9,2910,519
90,10,1963,445
90,11,1966,328
90,12,1968,1114
90,13,3161,838
90,14,1892,913
90,15,1900,461
90,16,1894,525
90,17,1902,606
90,18,1896,333
90,19,2447,278
90,20,2446,260
90,21,2451,297
90,22,3153,472
90,23,3156,331
90,24,3155,396
90,25,2915,480
90,26,2919,513
90,27,2457,499
90,28,2916,392
90,29,271,203
90,30,7027,460
90,31,3407,291
90,32,3406,253
90,33,3409,444
90,34,3408,244
90,35,3411,401
90,36,3410,354
90,37,3412,312
90,38,3413,211
90,39,2092,295
90,40,2052,307
90,41,2677,289
90,42,2675,646
90,43,2676,307
90,44,3811,237
90,45,2678,448
90,46,2680,387
90,47,932,312
90,48,935,336
90,49,933,560
90,50,936,460
90,51,942,592
90,52,937,280
90,53,938,397
90,54,944,431
90,55,2356,508
90,56,2359,276
90,57,2358,347
90,58,2360,238
90,59,2361,680
90,60,2364,589
90,61,2362,316
90,62,2363,515
90,63,2368,861
90,64,2365,478
90,65,3403,589
90,66,3405,21046
90,67,7214,0
91,0,496,324
91,1,502,257
91,2,499,640
91,3,542,367
91,4,501,592
91,5,3,136
91,6,5,223
91,7,437,376
91,8,544,309
91,9,393,543
91,10,1014,168
91,11,1016,227
91,12,1023,339
91,13,1018,170
91,14,1024,306
91,15,1027,451
91,16,1020,219
91,17,1029,246
91,18,1616,264
91,19,1604,271
91,20,1617,198
91,21,1619,219
91,22,2583,300
91,23,4292,250
91,24,4317,388
91,25,4318,406
91,26,4319,226
91,27,4320,341
91,28,4321,181
91,29,4322,546
91,30,4323,164
91,31,2422,313
91,32,2425,226
91,33,2424,477
91,34,1302,171
91,35,2202,215
91,36,268,482
91,37,267,712
91,38,270,477
91,39,271,662
91,40,3407,291
91,41,3406,253
91,42,3409,444
91,43,3408,244
91,44,3411,401
91,45,3410,354
91,46,3412,312
91,47,3413,211
91,48,2092,295
91,49,2052,307
91,50,2677,289
91,51,2675,646
91,52,2676,544
91,53,2678,448
91,54,2680,370
91,55,1670,488
91,56,1669,442
91,57,1674,348
91,58,1671,387
91,59,2745,0
92,0,8,328
92,1,621,167
92,2,620,272
92,3,622,266
92,4,624,345
92,5,625,235
92,6,623,384
92,7,626,286
92,8,627,341
92,9,628,340
92,10,629,556
92,11,1386,289
92,12,117,481
92,13,116,391
92,14,630,617
92,15,631,449
92,16,632,422
92,17,633,333
92,18,634,363
92,19,635,575
92,20,636,991
92,21,637,581
92,22,638,1231
92,23,639,492
92,24,640,498
92,25,3422,356
92,26,3430,514
92,27,641,842
92,28,643,433
92,29,642,539
92,30,644,297
92,31,645,427
92,32,646,800
92,33,3876,613
92,34,3424,569
92,35,3425,24623
92,36,7219,0
93,0,496,92
93,1,2148,220
93,2,2149,324
93,3,2151,289
93,4,2150,524
93,5,2153,234
93,6,3019,302
93,7,3020,426
93,8,3021,395
93,9,3023,418
93,10,3025,355
93,11,3024,369
93,12,3026,314
93,13,3027,323
93,14,3028,481
93,15,3029,650
93,16,3030,570
93,17,3031,491
93,18,3032,426
93,19,3033,345
93,20,3034,432
93,21,3035,318
93,22,3036,447
93,23,3038,442
93,24,3039,509
93,25,3040,426
93,26,3041,735
93,27,3042,559
93,28,4421,13993
93,29,7263,0
94,0,278,188
94,1,621,167
94,2,620,272
94,3,622,266
94,4,624,580
94,5,623,384
94,6,626,286
94,7,627,341
94,8,628,340
94,9,629,556
94,10,1386,289
94,11,117,481
94,12,116,102
94,13,4150,288
94,14,630,617
94,15,631,449
94,16,632,422
94,17,633,333
94,18,634,363
94,19,635,575
94,20,636,991
94,21,637,581
94,22,638,1231
94,23,639,492
94,24,640,498
94,25,3422,356
94,26,3430,514
94,27,641,842
94,28,643,433
94,29,642,539
94,30,644,297
94,31,645,427
94,32,646,358
94,33,647,630
94,34,648,456
94,35,649,345
94,36,650,242
94,37,651,591
94,38,3433,14610
94,39,7220,0
95,0,732,131
95,1,7617,558
95,2,5826,535
95,3,3917,762
95,4,3918,344
95,5,3921,473
95,6,3919,582
95,7,3920,783
95,8,3922,917
95,9,3923,8257
95,10,7209,0
97,0,166,230
97,1,1115,31
97,2,1116,34
97,3,1117,401
97,4,1151,697
97,5,1152,328
97,6,1154,365
97,7,1153,300
97,8,1156,344
97,9,7800,300
97,10,1155,442
97,11,1158,179
97,12,1160,507
97,13,4592,323
97,14,1157,67
97,15,4586,526
97,16,1162,323
97,17,1164,347
97,18,1161,210
97,19,2259,404
97,20,2268,449
97,21,2261,219
97,22,3954,317
97,23,3950,359
97,24,3953,969
97,25,3951,504
97,26,3974,603
97,27,2224,594
97,28,3945,998
97,29,2222,443
97,30,3949,557
97,31,3939,344
97,32,2265,336
97,33,2227,497
97,34,3941,15399
97,35,7209,0
98,0,8,328
98,1,621,167
98,2,620,272
98,3,622,266
98,4,624,345
98,5,625,235
98,6,623,384
98,7,626,207
98,8,4763,349
98,9,4764,181
98,10,4765,270
98,11,4766,350
98,12,3455,223
98,13,3457,669
98,14,3453,64
98,15,3459,335
98,16,3460,582
98,17,3461,401
98,18,3423,371
98,19,2310,432
98,20,2312,445
98,21,2313,453
98,22,3449,515
98,23,3466,397
98,24,3463,330
98,25,3464,331
98,26,3465,488
98,27,3468,490
98,28,3289,508
98,29,3288,643
98,30,3290,437
98,31,3467,488
98,32,3470,482
98,33,3469,422
98,34,3472,614
98,35,3471,592
98,36,3474,548
98,37,3473,664
98,38,3476,653
98,39,3475,25861
98,40,7210,0
99,0,8,328
99,1,621,167
99,2,620,272
99,3,622,266
99,4,624,580
99,5,623,384
99,6,626,286
99,7,627,341
99,8,628,340
99,9,629,556
99,10,1386,289
99,11,117,481
99,12,116,391
99,13,630,617
99,14,631,449
99,15,632,422
99,16,633,333
99,17,634,363
99,18,635,575
99,19,636,991
99,20,637,755
99,21,7039,1058
99,22,639,492
99,23,640,498
99,24,3422,356
99,25,3430,514
99,26,641,842
99,27,643,972
99,28,644,297
99,29,645,427
99,30,646,800
99,31,3876,613
99,32,3424,569
99,33,3425,21208
99,34,7211,0
